,defence_scored_average,points_scored_average,sal_diff,in_win_diff,out_win_diff,difference,total_points,target_flag
0,0.0,0.0,-8825694.0,0.0,0.0,3,201,0.0
1,0.0,0.0,11420875.0,0.0,0.0,-1,243,1.0
2,0.0,0.0,7715813.0,0.0,0.0,-8,208,0.0
3,0.0,0.0,-1682474.0,0.0,0.0,-6,228,1.0
4,0.0,0.0,4606445.0,0.0,0.0,12,192,0.0
5,0.0,0.0,-9533077.0,0.0,0.0,9,271,1.0
6,0.0,0.0,8413978.0,0.0,0.0,12,194,0.0
7,0.0,0.0,-48539839.0,0.0,0.0,7,225,1.0
8,0.0,0.0,-30338751.0,0.0,0.0,-48,200,0.0
9,121.0,122.0,-44599130.0,0.0,0.0,-5,205,0.0
10,0.0,0.0,-3528062.0,0.0,0.0,8,206,0.0
11,0.0,0.0,-1864903.0,0.0,0.0,10,202,0.0
12,0.0,0.0,32265482.0,0.0,0.0,5,235,1.0
13,0.0,0.0,-15097978.0,0.0,0.0,-16,200,0.0
14,0.0,0.0,35271301.0,0.0,0.0,21,189,0.0
15,0.0,0.0,40389346.0,0.0,0.0,17,217,0.0
16,0.0,0.0,4839158.0,-1.0,0.0,5,247,1.0
17,111.0,117.0,13254214.0,0.0,0.0,18,200,0.0
18,117.0,111.0,14333097.0,0.0,0.0,-5,181,0.0
19,207.0,264.0,-25830783.0,1.0,0.0,-18,210,0.0
20,0.0,0.0,1109881.0,-1.0,1.0,-19,213,0.0
21,0.0,0.0,10546804.0,-1.0,0.0,3,197,0.0
22,0.0,0.0,-31907352.0,0.0,0.0,-8,248,1.0
23,102.0,99.0,-21543152.0,0.0,0.0,-10,194,0.0
24,124.0,76.0,-952950.0,0.0,0.0,-2,262,1.0
25,115.0,120.0,12405865.0,0.0,0.0,4,226,1.0
26,0.0,0.0,-19161868.0,-1.0,0.0,-10,164,0.0
27,225.0,223.0,6641485.0,0.0,1.0,-21,207,0.0
28,88.0,93.0,27119174.0,0.0,0.0,17,175,0.0
29,0.0,0.0,30266033.0,0.0,2.0,16,198,0.0
30,0.0,0.0,16050928.0,0.0,1.0,42,218,0.0
31,211.0,231.0,-23493374.0,1.0,0.0,10,212,0.0
32,0.0,0.0,53233758.0,-1.0,0.0,4,220,0.0
33,202.0,216.0,-13385498.0,0.0,1.0,3,223,1.0
34,115.0,111.0,-16226869.0,-1.0,0.0,-4,218,0.0
35,220.0,232.0,39483878.0,1.0,0.0,34,222,1.0
36,96.0,106.0,-27666391.0,0.0,0.0,9,183,0.0
37,230.0,229.0,8916173.0,1.0,0.0,12,220,0.0
38,211.0,183.0,-12269004.0,0.0,1.0,-7,231,1.0
39,191.0,204.0,17119587.0,0.0,0.0,-2,228,1.0
40,219.0,213.0,-41686908.0,0.0,0.0,-30,236,1.0
41,79.0,96.0,-19162921.0,-1.0,0.0,-5,213,0.0
42,214.0,206.0,19859617.0,1.0,1.0,-11,183,0.0
43,91.0,107.0,12072499.0,-1.0,2.0,-8,188,0.0
44,220.0,215.0,52616854.0,1.0,0.0,11,197,0.0
45,215.0,194.0,-1425833.0,0.0,1.0,9,197,0.0
46,220.0,188.0,10890699.0,0.0,0.0,2,232,1.0
47,99.0,107.0,-21227478.0,-1.0,1.0,4,198,0.0
48,213.0,184.0,17910404.0,0.0,1.0,21,199,0.0
49,223.0,197.0,13622926.0,1.0,1.0,7,231,1.0
50,188.0,227.0,1687356.0,-1.0,1.0,18,186,0.0
51,209.0,208.0,20402408.0,0.0,1.0,-23,237,1.0
52,249.0,247.0,-4839158.0,-1.0,1.0,4,246,1.0
53,107.0,104.0,17116797.0,0.0,2.0,10,196,0.0
54,209.0,237.0,-1802327.0,0.0,0.0,5,219,0.0
55,197.0,205.0,2150611.0,0.0,0.0,17,203,0.0
56,208.0,198.0,-18193534.0,-2.0,0.0,9,197,0.0
57,202.0,200.0,-1924845.0,0.0,1.0,21,223,1.0
58,223.0,218.0,2519514.0,-2.0,2.0,5,229,1.0
59,217.0,211.0,-34438446.0,-2.0,1.0,3,201,0.0
60,177.0,195.0,36359412.0,0.0,0.0,-17,217,0.0
61,208.0,227.0,37521995.0,0.0,0.0,18,210,0.0
62,212.0,205.0,-30582517.0,-1.0,1.0,-1,209,0.0
63,222.0,199.0,-14363572.0,-1.0,0.0,9,185,0.0
64,195.0,174.0,-2904426.0,0.0,0.0,5,177,0.0
65,202.0,197.0,18193534.0,1.0,1.0,5,187,0.0
66,200.0,203.0,-7715813.0,1.0,1.0,-7,185,0.0
67,185.0,211.0,14287823.0,-1.0,2.0,-1,207,0.0
68,209.0,198.0,-24112653.0,0.0,1.0,-8,220,0.0
69,108.0,94.0,-11103603.0,-1.0,1.0,-5,205,0.0
70,198.0,217.0,-15329345.0,1.0,0.0,-16,202,0.0
71,220.0,221.0,9737910.0,-1.0,2.0,3,237,1.0
72,213.0,206.0,-41656842.0,-1.0,1.0,-9,193,0.0
73,209.0,190.0,-17119587.0,-1.0,1.0,3,235,1.0
74,243.0,232.0,-7282383.0,-3.0,0.0,21,193,0.0
75,202.0,221.0,-12180427.0,0.0,1.0,27,201,0.0
76,193.0,184.0,-39809517.0,-1.0,0.0,-32,170,0.0
77,211.0,201.0,316484.0,1.0,0.0,-2,222,1.0
78,196.0,226.0,-6934603.0,0.0,2.0,-8,182,0.0
79,191.0,209.0,-12072499.0,2.0,1.0,14,192,0.0
80,200.0,202.0,33072660.0,1.0,0.0,-6,186,0.0
81,232.0,231.0,-2621418.0,-2.0,2.0,22,224,1.0
82,228.0,190.0,30338751.0,-1.0,2.0,7,221,1.0
83,221.0,233.0,13410622.0,1.0,0.0,15,177,0.0
84,205.0,208.0,-11828381.0,-2.0,1.0,-11,223,1.0
85,213.0,215.0,-2187430.0,2.0,0.0,-13,235,1.0
86,208.0,217.0,9177199.0,-1.0,0.0,7,233,1.0
87,216.0,193.0,9084710.0,1.0,1.0,-19,209,0.0
88,214.0,221.0,22143775.0,0.0,2.0,-8,222,1.0
89,223.0,211.0,-16874346.0,-1.0,1.0,3,191,0.0
90,220.0,212.0,-46282095.0,-2.0,1.0,-27,193,0.0
91,196.0,198.0,3286752.0,-1.0,3.0,14,202,0.0
92,201.0,204.0,30582517.0,1.0,4.0,-8,222,1.0
93,198.0,224.0,-29078378.0,0.0,2.0,-28,254,1.0
94,192.0,193.0,3256846.0,1.0,1.0,-5,203,0.0
95,217.0,200.0,32831350.0,0.0,0.0,-3,247,1.0
96,228.0,235.0,4020067.0,-2.0,2.0,-16,214,0.0
97,205.0,217.0,-9469813.0,0.0,1.0,6,226,1.0
98,202.0,210.0,-12271041.0,0.0,2.0,-14,184,0.0
99,186.0,188.0,10921174.0,2.0,0.0,15,193,0.0
100,238.0,210.0,14041045.0,1.0,0.0,-8,236,1.0
101,212.0,206.0,15398667.0,2.0,1.0,18,184,0.0
102,204.0,205.0,-22032581.0,-1.0,1.0,20,206,0.0
103,186.0,195.0,-25076710.0,0.0,2.0,-19,201,0.0
104,198.0,196.0,35559765.0,2.0,3.0,27,199,0.0
105,208.0,222.0,1425833.0,1.0,1.0,5,247,1.0
106,222.0,207.0,11335404.0,-1.0,1.0,-17,231,1.0
107,185.0,200.0,-26381317.0,-1.0,2.0,18,240,1.0
108,217.0,195.0,12608530.0,1.0,2.0,21,217,0.0
109,203.0,213.0,12434045.0,1.0,1.0,-2,200,0.0
110,230.0,215.0,55521280.0,1.0,0.0,6,188,0.0
111,232.0,222.0,-11688422.0,-1.0,2.0,-6,202,0.0
112,204.0,209.0,-26949769.0,1.0,1.0,-22,216,0.0
113,202.0,189.0,-1998958.0,0.0,3.0,10,228,1.0
114,185.0,215.0,-15975179.0,2.0,0.0,9,215,0.0
115,230.0,226.0,35391396.0,0.0,2.0,-6,238,1.0
116,213.0,202.0,29385801.0,0.0,2.0,3,223,1.0
117,207.0,234.0,-23746992.0,0.0,2.0,-20,204,0.0
118,208.0,211.0,-28583559.0,-1.0,1.0,-15,223,1.0
119,214.0,211.0,-9779556.0,0.0,0.0,-5,193,0.0
120,217.0,223.0,-41513251.0,-1.0,2.0,1,189,0.0
121,210.0,224.0,6032278.0,0.0,3.0,9,201,0.0
122,216.0,209.0,-13088095.0,-1.0,1.0,12,236,1.0
123,228.0,218.0,6758662.0,0.0,1.0,13,227,1.0
124,188.0,208.0,17360897.0,-1.0,2.0,-7,195,0.0
125,206.0,215.0,6981441.0,2.0,3.0,-22,188,0.0
126,213.0,223.0,-1382054.0,-2.0,3.0,11,231,1.0
127,204.0,195.0,3003228.0,-2.0,2.0,7,209,0.0
128,204.0,211.0,-28246220.0,3.0,0.0,-9,209,0.0
129,230.0,221.0,19548024.0,0.0,2.0,-8,252,1.0
130,192.0,177.0,-11001508.0,0.0,1.0,-6,186,0.0
131,198.0,225.0,-28900831.0,1.0,2.0,-19,235,1.0
132,203.0,194.0,33876230.0,3.0,3.0,9,207,0.0
133,202.0,208.0,-5585004.0,-1.0,2.0,-9,217,0.0
134,224.0,203.0,21467978.0,1.0,3.0,13,211,0.0
135,225.0,202.0,10718500.0,2.0,2.0,-2,232,1.0
136,202.0,191.0,19344859.0,-4.0,6.0,27,247,1.0
137,214.0,209.0,-41690798.0,0.0,2.0,-3,205,0.0
138,204.0,218.0,-20682982.0,-1.0,1.0,5,209,0.0
139,210.0,210.0,6531290.0,-1.0,3.0,18,206,0.0
140,222.0,223.0,2250694.0,0.0,1.0,7,209,0.0
141,194.0,197.0,-15467179.0,0.0,3.0,-16,192,0.0
142,193.0,209.0,-11691212.0,1.0,2.0,4,202,0.0
143,220.0,212.0,21382314.0,1.0,2.0,17,207,0.0
144,193.0,231.0,7218396.0,0.0,3.0,-11,203,0.0
145,204.0,204.0,-19544194.0,-3.0,2.0,-3,217,0.0
146,217.0,214.0,-12612420.0,-1.0,5.0,17,177,0.0
147,225.0,210.0,-14041045.0,-1.0,2.0,-6,190,0.0
148,225.0,214.0,-1109881.0,0.0,2.0,5,243,1.0
149,217.0,209.0,2187430.0,0.0,2.0,8,216,0.0
150,189.0,202.0,-8713986.0,2.0,2.0,-5,229,1.0
151,212.0,205.0,-11620424.0,0.0,1.0,5,231,1.0
152,204.0,206.0,8702819.0,0.0,2.0,-1,195,0.0
153,204.0,193.0,-52920662.0,-2.0,1.0,8,180,0.0
154,195.0,213.0,5331386.0,1.0,2.0,13,227,1.0
155,195.0,210.0,40389346.0,1.0,3.0,5,233,1.0
156,207.0,213.0,11237658.0,3.0,0.0,-7,201,0.0
157,234.0,214.0,31948998.0,1.0,3.0,-14,212,0.0
158,203.0,217.0,23716116.0,-1.0,6.0,11,203,0.0
159,208.0,213.0,18477563.0,1.0,3.0,17,211,0.0
160,205.0,212.0,20218930.0,-1.0,5.0,24,226,1.0
161,203.0,193.0,2443225.0,-2.0,3.0,13,211,0.0
162,200.0,188.0,-57741726.0,-1.0,2.0,-11,241,1.0
163,201.0,202.0,-25801488.0,2.0,2.0,8,196,0.0
164,224.0,236.0,17865059.0,-1.0,6.0,4,230,1.0
165,198.0,200.0,-14016613.0,-1.0,1.0,1,217,0.0
166,210.0,220.0,29387838.0,2.0,3.0,4,240,1.0
167,226.0,210.0,34438446.0,-2.0,3.0,16,206,0.0
168,206.0,211.0,6289980.0,0.0,6.0,3,177,0.0
169,206.0,183.0,-2287522.0,-2.0,1.0,-18,192,0.0
170,207.0,217.0,17860659.0,5.0,3.0,7,215,0.0
171,206.0,208.0,25979035.0,-1.0,2.0,9,231,1.0
172,215.0,212.0,-9201887.0,-2.0,2.0,-16,240,1.0
173,208.0,202.0,16297706.0,1.0,2.0,-4,198,0.0
174,218.0,225.0,4429061.0,3.0,2.0,-7,181,0.0
175,208.0,207.0,-43378154.0,2.0,0.0,-10,158,0.0
176,219.0,213.0,-12400974.0,-2.0,1.0,-7,215,0.0
177,207.0,222.0,7026588.0,1.0,2.0,18,232,1.0
178,202.0,221.0,42003392.0,2.0,5.0,21,249,1.0
179,208.0,217.0,12072499.0,-1.0,6.0,15,207,0.0
180,213.0,190.0,16000303.0,-2.0,3.0,8,188,0.0
181,223.0,211.0,-2828974.0,-2.0,5.0,8,214,0.0
182,215.0,206.0,17649361.0,3.0,1.0,27,209,0.0
183,236.0,212.0,-24910376.0,-2.0,2.0,8,228,1.0
184,204.0,206.0,19161868.0,4.0,2.0,39,227,1.0
185,195.0,187.0,322527.0,2.0,0.0,8,220,0.0
186,215.0,214.0,30266524.0,3.0,3.0,19,207,0.0
187,194.0,204.0,-17940726.0,1.0,6.0,1,189,0.0
188,190.0,206.0,-34756195.0,3.0,3.0,9,215,0.0
189,206.0,220.0,-29200463.0,-1.0,3.0,-23,213,0.0
190,208.0,214.0,38587565.0,2.0,2.0,13,211,0.0
191,221.0,235.0,35927419.0,1.0,5.0,10,210,0.0
192,225.0,214.0,12925014.0,1.0,2.0,-4,214,0.0
193,201.0,193.0,-4682679.0,-1.0,3.0,7,213,0.0
194,216.0,205.0,8097082.0,2.0,5.0,1,211,0.0
195,209.0,227.0,-9084710.0,3.0,1.0,-3,205,0.0
196,218.0,207.0,-952950.0,-1.0,2.0,-7,193,0.0
197,210.0,207.0,14110276.0,-2.0,2.0,17,181,0.0
198,216.0,207.0,-10546804.0,2.0,0.0,-11,207,0.0
199,211.0,201.0,46282095.0,2.0,3.0,18,202,0.0
200,217.0,218.0,-10628021.0,-3.0,2.0,-7,211,0.0
201,209.0,194.0,-17939916.0,-5.0,1.0,-6,188,0.0
202,201.0,213.0,-8901361.0,0.0,7.0,-16,242,1.0
203,223.0,195.0,16015571.0,-2.0,2.0,46,206,0.0
204,217.0,226.0,2535714.0,1.0,1.0,-8,222,1.0
205,214.0,219.0,-2172964.0,2.0,2.0,-6,224,1.0
206,197.0,200.0,17127964.0,1.0,3.0,-3,229,1.0
207,197.0,209.0,22350330.0,-2.0,3.0,-9,195,0.0
208,206.0,202.0,-6032278.0,-3.0,3.0,4,194,0.0
209,196.0,205.0,3528062.0,-2.0,4.0,12,184,0.0
210,209.0,220.0,-29387838.0,-1.0,5.0,-9,241,1.0
211,218.0,206.0,-7604910.0,0.0,1.0,5,207,0.0
212,220.0,211.0,39809517.0,3.0,2.0,13,171,0.0
213,202.0,202.0,21136864.0,1.0,2.0,5,193,0.0
214,195.0,219.0,-20460240.0,0.0,7.0,4,180,0.0
215,204.0,217.0,-33708431.0,-1.0,2.0,-26,258,1.0
216,224.0,206.0,-322527.0,-3.0,2.0,11,225,1.0
217,200.0,179.0,-16158640.0,-3.0,1.0,3,243,1.0
218,229.0,221.0,-207556.0,0.0,5.0,5,231,1.0
219,208.0,202.0,-21467978.0,-4.0,1.0,-24,198,0.0
220,215.0,226.0,3006521.0,3.0,2.0,32,260,1.0
221,213.0,197.0,-18477563.0,-4.0,4.0,7,207,0.0
222,223.0,211.0,952950.0,1.0,2.0,-9,235,1.0
223,207.0,208.0,-41229450.0,-4.0,1.0,4,168,0.0
224,194.0,208.0,-20647649.0,1.0,3.0,3,205,0.0
225,218.0,216.0,35851130.0,-3.0,5.0,23,191,0.0
226,196.0,209.0,-22350330.0,2.0,4.0,-3,179,0.0
227,196.0,221.0,-19544194.0,-6.0,2.0,-11,209,0.0
228,228.0,220.0,2328158.0,1.0,1.0,15,189,0.0
229,206.0,193.0,-13510855.0,-4.0,1.0,32,190,0.0
230,213.0,233.0,-12072499.0,0.0,3.0,-22,188,0.0
231,214.0,204.0,-5161685.0,-2.0,4.0,-40,210,0.0
232,205.0,219.0,-42003392.0,-4.0,6.0,-8,240,1.0
233,210.0,182.0,41229450.0,3.0,2.0,12,192,0.0
234,216.0,226.0,-31088261.0,-2.0,2.0,-7,229,1.0
235,219.0,206.0,-15275525.0,-3.0,2.0,18,236,1.0
236,206.0,206.0,53233758.0,-1.0,4.0,-25,215,0.0
237,197.0,202.0,1924845.0,-2.0,5.0,-3,197,0.0
238,229.0,198.0,-2220446.0,1.0,3.0,8,218,0.0
239,192.0,215.0,7218396.0,0.0,5.0,9,191,0.0
240,195.0,215.0,-6531290.0,0.0,1.0,16,220,0.0
241,190.0,208.0,-21226668.0,-5.0,1.0,-8,212,0.0
242,206.0,222.0,7142159.0,3.0,4.0,-28,204,0.0
243,200.0,188.0,-8702819.0,-3.0,3.0,-8,192,0.0
244,193.0,197.0,-18438143.0,0.0,3.0,-11,187,0.0
245,215.0,207.0,-28808009.0,-2.0,5.0,7,221,1.0
246,208.0,203.0,-9292266.0,4.0,1.0,22,192,0.0
247,211.0,207.0,4693919.0,0.0,4.0,-8,202,0.0
248,214.0,228.0,-11237658.0,-4.0,6.0,21,193,0.0
249,207.0,195.0,-27119174.0,-4.0,1.0,-16,212,0.0
250,206.0,210.0,16257442.0,6.0,3.0,11,181,0.0
251,219.0,214.0,-1267496.0,3.0,2.0,9,197,0.0
252,210.0,196.0,-10926056.0,-2.0,2.0,-13,219,0.0
253,192.0,209.0,-17012310.0,1.0,1.0,5,253,1.0
254,222.0,220.0,1802327.0,0.0,6.0,10,228,1.0
255,221.0,220.0,17479956.0,-3.0,9.0,30,220,0.0
256,210.0,192.0,18193534.0,2.0,3.0,-1,189,0.0
257,210.0,204.0,33072660.0,-4.0,4.0,6,202,0.0
258,201.0,199.0,15708489.0,1.0,5.0,6,242,1.0
259,207.0,202.0,-8160360.0,-4.0,5.0,17,197,0.0
260,202.0,225.0,-35851130.0,2.0,1.0,8,208,0.0
261,197.0,217.0,-3099343.0,-1.0,2.0,17,199,0.0
262,193.0,207.0,-27212837.0,-4.0,6.0,20,182,0.0
263,219.0,200.0,-16953253.0,-1.0,3.0,-6,220,0.0
264,200.0,192.0,-11843649.0,-3.0,1.0,11,215,0.0
265,208.0,194.0,12143126.0,4.0,1.0,30,190,0.0
266,215.0,195.0,-1633790.0,-8.0,2.0,12,220,0.0
267,203.0,202.0,15467179.0,3.0,9.0,15,221,1.0
268,209.0,199.0,-16297706.0,-3.0,2.0,-2,252,1.0
269,222.0,224.0,-2535714.0,-2.0,6.0,1,199,0.0
270,215.0,230.0,-5407457.0,3.0,3.0,12,196,0.0
271,210.0,204.0,42908860.0,4.0,7.0,49,237,1.0
272,214.0,212.0,-38101824.0,-2.0,6.0,3,211,0.0
273,201.0,206.0,-32831350.0,2.0,5.0,-12,206,0.0
274,189.0,203.0,19044432.0,-1.0,2.0,-1,197,0.0
275,242.0,221.0,-13221954.0,-1.0,3.0,-24,206,0.0
276,213.0,216.0,-37484920.0,-4.0,2.0,-34,190,0.0
277,213.0,210.0,-3003228.0,-1.0,1.0,-20,192,0.0
278,207.0,202.0,-38587565.0,-4.0,2.0,16,178,0.0
279,207.0,242.0,31907352.0,2.0,7.0,15,205,0.0
280,215.0,215.0,26949769.0,-4.0,9.0,15,219,0.0
281,206.0,207.0,-20161098.0,-3.0,6.0,-10,206,0.0
282,206.0,210.0,-6075973.0,0.0,6.0,19,241,1.0
283,206.0,206.0,-26941627.0,1.0,1.0,-2,192,0.0
284,196.0,205.0,-2589681.0,2.0,1.0,13,229,1.0
285,202.0,206.0,5052645.0,-2.0,5.0,-3,213,0.0
286,204.0,204.0,-55521280.0,-2.0,1.0,-7,193,0.0
287,211.0,198.0,7594887.0,0.0,3.0,-10,186,0.0
288,220.0,216.0,24910376.0,2.0,5.0,11,227,1.0
289,194.0,204.0,1683535.0,1.0,10.0,-10,226,1.0
290,206.0,206.0,56020005.0,4.0,7.0,-4,216,0.0
291,203.0,218.0,19667386.0,2.0,9.0,14,220,0.0
292,229.0,208.0,-4693919.0,1.0,6.0,12,230,1.0
293,211.0,203.0,15097978.0,-3.0,4.0,5,235,1.0
294,203.0,214.0,-23580089.0,2.0,1.0,-12,194,0.0
295,196.0,230.0,-12717458.0,-1.0,6.0,-22,204,0.0
296,192.0,199.0,17939916.0,5.0,4.0,7,223,1.0
297,219.0,207.0,2220446.0,-2.0,1.0,-5,203,0.0
298,197.0,208.0,-41898354.0,2.0,7.0,11,205,0.0
299,217.0,221.0,-10481020.0,2.0,5.0,-3,181,0.0
300,211.0,202.0,-27843952.0,-1.0,2.0,-25,199,0.0
301,214.0,213.0,-1864903.0,0.0,1.0,29,183,0.0
302,198.0,199.0,-10598647.0,-1.0,2.0,-5,213,0.0
303,214.0,206.0,22985531.0,3.0,6.0,24,238,1.0
304,199.0,225.0,29200463.0,1.0,9.0,21,215,0.0
305,210.0,213.0,-44176356.0,-2.0,2.0,-4,250,1.0
306,207.0,214.0,-11688422.0,-2.0,6.0,-18,222,1.0
307,199.0,196.0,-50983064.0,5.0,1.0,29,201,0.0
308,209.0,184.0,-32828076.0,-2.0,4.0,13,229,1.0
309,205.0,204.0,-32265482.0,0.0,6.0,5,231,1.0
310,204.0,204.0,-253618.0,5.0,4.0,9,199,0.0
311,199.0,207.0,24230706.0,-1.0,6.0,13,239,1.0
312,202.0,206.0,-10718500.0,-5.0,2.0,-7,235,1.0
313,215.0,218.0,21543152.0,2.0,10.0,11,205,0.0
314,224.0,207.0,14008029.0,6.0,3.0,1,221,1.0
315,212.0,211.0,1687356.0,-5.0,4.0,-19,233,1.0
316,190.0,207.0,13385498.0,2.0,6.0,-12,194,0.0
317,212.0,195.0,13111145.0,-2.0,1.0,-1,213,0.0
318,191.0,188.0,253618.0,-6.0,3.0,-16,174,0.0
319,219.0,206.0,39362640.0,-3.0,6.0,5,205,0.0
320,197.0,213.0,17119587.0,-1.0,2.0,4,218,0.0
321,223.0,221.0,-35927419.0,-3.0,4.0,-21,245,1.0
322,210.0,217.0,38101824.0,1.0,6.0,5,235,1.0
323,196.0,212.0,1141618.0,4.0,2.0,6,222,1.0
324,203.0,209.0,12405865.0,-3.0,6.0,18,200,0.0
325,219.0,213.0,24669066.0,5.0,10.0,5,227,1.0
326,221.0,209.0,8916173.0,2.0,4.0,-12,216,0.0
327,204.0,203.0,-5792560.0,3.0,8.0,5,227,1.0
328,198.0,200.0,-12608530.0,-1.0,2.0,26,190,0.0
329,217.0,219.0,15275525.0,3.0,3.0,15,215,0.0
330,204.0,196.0,27843952.0,1.0,6.0,5,213,0.0
331,214.0,209.0,-19859617.0,-2.0,6.0,5,211,0.0
332,207.0,199.0,17116797.0,2.0,6.0,-7,239,1.0
333,208.0,232.0,-32755481.0,-2.0,2.0,-23,213,0.0
334,215.0,224.0,12612420.0,-3.0,6.0,-28,218,0.0
335,202.0,189.0,8859448.0,3.0,6.0,6,218,0.0
336,213.0,213.0,-2443225.0,5.0,1.0,-5,205,0.0
337,184.0,201.0,20647649.0,-3.0,2.0,3,177,0.0
338,220.0,208.0,-8916173.0,-2.0,3.0,-20,200,0.0
339,199.0,216.0,7715813.0,4.0,10.0,11,211,0.0
340,208.0,217.0,-13622926.0,-6.0,1.0,-22,204,0.0
341,219.0,208.0,9177199.0,2.0,1.0,10,198,0.0
342,200.0,192.0,-12786077.0,-6.0,2.0,17,227,1.0
343,220.0,209.0,-2250694.0,-4.0,6.0,18,212,0.0
344,203.0,193.0,-3274444.0,-4.0,3.0,3,187,0.0
345,213.0,227.0,-31907352.0,-3.0,7.0,-10,240,1.0
346,222.0,217.0,3125914.0,3.0,6.0,-14,216,0.0
347,202.0,206.0,-1603217.0,2.0,5.0,3,189,0.0
348,205.0,217.0,-21027824.0,4.0,2.0,47,185,0.0
349,196.0,209.0,27666391.0,-3.0,2.0,6,194,0.0
350,221.0,192.0,-5052645.0,1.0,6.0,-14,198,0.0
351,216.0,228.0,42609792.0,4.0,6.0,13,239,1.0
352,209.0,212.0,21226668.0,6.0,10.0,7,187,0.0
353,209.0,226.0,-26750220.0,0.0,1.0,-14,188,0.0
354,212.0,215.0,26734071.0,4.0,9.0,6,196,0.0
355,218.0,212.0,2287522.0,5.0,6.0,2,194,0.0
356,218.0,209.0,-8859448.0,-4.0,4.0,-6,220,0.0
357,201.0,197.0,-6032278.0,-2.0,6.0,4,204,0.0
358,233.0,205.0,-3006521.0,-5.0,7.0,9,237,1.0
359,208.0,205.0,-14877270.0,5.0,1.0,11,187,0.0
360,222.0,212.0,4077015.0,3.0,5.0,4,216,0.0
361,201.0,193.0,-36359412.0,6.0,5.0,12,222,1.0
362,226.0,208.0,-27988918.0,-5.0,5.0,5,195,0.0
363,222.0,207.0,2172964.0,1.0,6.0,-3,211,0.0
364,215.0,195.0,-35391396.0,-2.0,5.0,-10,208,0.0
365,176.0,230.0,-19344859.0,3.0,2.0,-11,213,0.0
366,207.0,192.0,16158640.0,6.0,1.0,-8,230,1.0
367,204.0,225.0,-22143775.0,0.0,6.0,-4,200,0.0
368,194.0,219.0,-11335404.0,-1.0,6.0,4,208,0.0
369,186.0,198.0,-20973860.0,-4.0,3.0,-9,223,1.0
370,201.0,198.0,13510855.0,2.0,6.0,7,211,0.0
371,218.0,213.0,24112653.0,2.0,7.0,-7,225,1.0
372,232.0,214.0,-7026588.0,-4.0,5.0,-14,192,0.0
373,199.0,213.0,-3286752.0,0.0,5.0,3,207,0.0
374,219.0,196.0,-4077015.0,-4.0,3.0,7,227,1.0
375,216.0,202.0,-43700681.0,0.0,5.0,-12,190,0.0
376,221.0,192.0,-4538216.0,-9.0,2.0,2,206,0.0
377,217.0,206.0,17426136.0,2.0,1.0,-11,209,0.0
378,207.0,209.0,12717458.0,2.0,9.0,7,203,0.0
379,215.0,209.0,-19340468.0,-2.0,4.0,1,225,1.0
380,210.0,193.0,-20394031.0,-4.0,3.0,-1,203,0.0
381,203.0,208.0,2589681.0,-3.0,6.0,17,217,0.0
382,197.0,189.0,-21382314.0,-9.0,5.0,-3,205,0.0
383,204.0,212.0,-3369680.0,-1.0,6.0,-7,241,1.0
384,206.0,209.0,-1683535.0,-4.0,6.0,-10,172,0.0
385,203.0,208.0,-11720507.0,-1.0,6.0,10,242,1.0
386,206.0,204.0,21467978.0,3.0,7.0,5,189,0.0
387,221.0,211.0,10096040.0,-1.0,7.0,7,255,1.0
388,199.0,204.0,1633790.0,8.0,1.0,4,218,0.0
389,204.0,204.0,-53500491.0,-5.0,4.0,-15,189,0.0
390,196.0,195.0,-22448620.0,-9.0,2.0,23,193,0.0
391,201.0,216.0,14790555.0,1.0,13.0,7,215,0.0
392,212.0,230.0,20486477.0,1.0,12.0,7,253,1.0
393,205.0,216.0,-26558864.0,-4.0,4.0,5,187,0.0
394,202.0,197.0,-36105794.0,0.0,3.0,-25,189,0.0
395,202.0,201.0,23650877.0,1.0,3.0,-13,219,0.0
396,208.0,203.0,-21350351.0,-1.0,5.0,5,201,0.0
397,206.0,210.0,10718500.0,7.0,9.0,9,237,1.0
398,190.0,210.0,-17939916.0,-8.0,2.0,6,184,0.0
399,211.0,202.0,6757056.0,-2.0,6.0,-19,187,0.0
400,215.0,212.0,21784462.0,2.0,7.0,-6,230,1.0
401,202.0,212.0,5805712.0,6.0,1.0,4,222,1.0
402,220.0,200.0,-10890699.0,0.0,4.0,7,191,0.0
403,195.0,208.0,8440591.0,2.0,11.0,6,242,1.0
404,203.0,204.0,-12143126.0,-7.0,2.0,3,203,0.0
405,215.0,232.0,15329345.0,1.0,12.0,12,204,0.0
406,210.0,214.0,-37521995.0,1.0,6.0,-5,195,0.0
407,216.0,201.0,27402975.0,-2.0,8.0,-7,197,0.0
408,221.0,222.0,-3731299.0,-2.0,7.0,7,223,1.0
409,214.0,196.0,-6849041.0,0.0,5.0,-11,201,0.0
410,201.0,197.0,-42609792.0,-5.0,5.0,-6,224,1.0
411,199.0,199.0,13755464.0,1.0,8.0,6,180,0.0
412,213.0,204.0,-17860659.0,-5.0,3.0,-14,196,0.0
413,208.0,198.0,7282383.0,-7.0,5.0,-7,215,0.0
414,213.0,220.0,14890422.0,5.0,9.0,9,233,1.0
415,203.0,206.0,41686908.0,3.0,13.0,15,209,0.0
416,212.0,213.0,35801075.0,4.0,7.0,23,215,0.0
417,212.0,213.0,10305494.0,2.0,11.0,-12,202,0.0
418,199.0,202.0,-39362640.0,3.0,2.0,-6,202,0.0
419,223.0,230.0,3006521.0,2.0,5.0,6,228,1.0
420,196.0,207.0,12326117.0,-3.0,12.0,15,233,1.0
421,200.0,205.0,-18477563.0,2.0,6.0,-6,202,0.0
422,219.0,199.0,16511060.0,2.0,3.0,2,190,0.0
423,208.0,218.0,14732807.0,4.0,6.0,-6,224,1.0
424,205.0,199.0,-21136864.0,-1.0,5.0,-7,183,0.0
425,205.0,203.0,-38904049.0,-2.0,7.0,-2,236,1.0
426,208.0,228.0,28568747.0,3.0,9.0,33,207,0.0
427,190.0,200.0,19340468.0,1.0,8.0,9,191,0.0
428,199.0,197.0,-11959665.0,1.0,2.0,-2,184,0.0
429,208.0,219.0,1479800.0,1.0,9.0,9,209,0.0
430,213.0,224.0,16755178.0,2.0,12.0,4,226,1.0
431,198.0,183.0,-3033134.0,-7.0,3.0,-9,195,0.0
432,207.0,191.0,41690798.0,-1.0,9.0,5,175,0.0
433,208.0,213.0,24910376.0,6.0,7.0,-2,214,0.0
434,210.0,216.0,-35271301.0,4.0,2.0,15,207,0.0
435,206.0,201.0,17939916.0,7.0,6.0,2,194,0.0
436,218.0,209.0,9533077.0,-4.0,5.0,-12,206,0.0
437,210.0,192.0,13783644.0,2.0,8.0,4,224,1.0
438,209.0,221.0,53500491.0,5.0,9.0,15,201,0.0
439,191.0,207.0,19548024.0,-5.0,8.0,-7,205,0.0
440,201.0,201.0,-52616854.0,-3.0,3.0,6,214,0.0
441,212.0,217.0,-905468.0,-2.0,3.0,2,232,1.0
442,205.0,198.0,11620424.0,-6.0,2.0,18,200,0.0
443,198.0,207.0,3442398.0,2.0,2.0,-6,188,0.0
444,210.0,217.0,19344859.0,1.0,12.0,21,219,0.0
445,199.0,197.0,-20161098.0,-3.0,7.0,-1,223,1.0
446,213.0,211.0,-44176356.0,-4.0,4.0,-2,230,1.0
447,195.0,204.0,-5428375.0,3.0,7.0,1,215,0.0
448,215.0,211.0,25801488.0,-2.0,5.0,1,189,0.0
449,193.0,192.0,5331386.0,8.0,6.0,18,200,0.0
450,206.0,216.0,1109881.0,-4.0,6.0,3,235,1.0
451,221.0,206.0,14016613.0,2.0,7.0,-6,196,0.0
452,216.0,211.0,22169442.0,0.0,8.0,10,222,1.0
453,209.0,212.0,616904.0,-6.0,3.0,-10,200,0.0
454,208.0,206.0,-33072660.0,7.0,13.0,-1,179,0.0
455,207.0,196.0,24931744.0,1.0,5.0,-5,203,0.0
456,217.0,216.0,-6981441.0,0.0,3.0,18,206,0.0
457,195.0,207.0,-24230706.0,-2.0,2.0,-18,240,1.0
458,191.0,198.0,-19543133.0,-3.0,2.0,17,203,0.0
459,209.0,220.0,-8681901.0,0.0,5.0,-8,216,0.0
460,197.0,201.0,23493374.0,4.0,14.0,13,181,0.0
461,215.0,227.0,32755481.0,7.0,12.0,-6,238,1.0
462,199.0,202.0,16050928.0,2.0,5.0,13,203,0.0
463,210.0,196.0,27666391.0,-1.0,5.0,28,186,0.0
464,223.0,207.0,8956437.0,-8.0,9.0,-2,184,0.0
465,212.0,223.0,13622926.0,6.0,10.0,3,227,1.0
466,201.0,213.0,-17910404.0,1.0,2.0,9,195,0.0
467,211.0,219.0,-39483878.0,-4.0,7.0,-5,223,1.0
468,207.0,190.0,-21635932.0,-2.0,7.0,2,192,0.0
469,196.0,202.0,-7018742.0,-4.0,3.0,11,189,0.0
470,209.0,200.0,-21350351.0,-3.0,5.0,35,203,0.0
471,211.0,198.0,16226869.0,-6.0,8.0,3,205,0.0
472,205.0,218.0,44176356.0,5.0,14.0,7,219,0.0
473,213.0,207.0,17657503.0,6.0,12.0,-10,246,1.0
474,197.0,187.0,54299328.0,-1.0,10.0,12,214,0.0
475,217.0,215.0,-1425833.0,1.0,6.0,5,213,0.0
476,193.0,202.0,36905091.0,7.0,5.0,3,237,1.0
477,217.0,201.0,-4020067.0,-2.0,5.0,-14,208,0.0
478,205.0,200.0,14110276.0,-4.0,9.0,-17,187,0.0
479,211.0,196.0,1682474.0,-3.0,3.0,5,219,0.0
480,209.0,206.0,22448620.0,6.0,13.0,25,209,0.0
481,222.0,212.0,1425833.0,-2.0,2.0,5,217,0.0
482,191.0,209.0,28900831.0,1.0,14.0,-15,177,0.0
483,217.0,201.0,-9533077.0,3.0,8.0,4,242,1.0
484,215.0,209.0,-29385801.0,-1.0,5.0,-3,187,0.0
485,209.0,201.0,5585004.0,-1.0,3.0,3,227,1.0
486,203.0,211.0,44519772.0,-1.0,10.0,-15,203,0.0
487,205.0,208.0,-24910376.0,-6.0,7.0,-9,221,1.0
488,196.0,185.0,-32273013.0,-10.0,6.0,-9,207,0.0
489,210.0,228.0,39483878.0,4.0,11.0,16,188,0.0
490,200.0,205.0,-27666391.0,0.0,3.0,-14,192,0.0
491,214.0,207.0,26189509.0,3.0,8.0,27,233,1.0
492,206.0,198.0,-10722330.0,4.0,13.0,-8,214,0.0
493,205.0,204.0,29285934.0,-2.0,14.0,7,191,0.0
494,209.0,211.0,-23957426.0,-5.0,5.0,-17,225,1.0
495,203.0,205.0,3632748.0,8.0,2.0,-7,203,0.0
496,208.0,229.0,8321532.0,-1.0,6.0,5,219,0.0
497,199.0,218.0,-39167394.0,-5.0,2.0,5,191,0.0
498,217.0,197.0,1864903.0,-1.0,7.0,24,190,0.0
499,201.0,208.0,18477563.0,-1.0,8.0,24,190,0.0
500,196.0,206.0,26941627.0,2.0,6.0,27,217,0.0
501,223.0,199.0,48539839.0,1.0,10.0,18,196,0.0
502,220.0,211.0,14732807.0,4.0,6.0,-9,221,1.0
503,204.0,192.0,-21635932.0,-2.0,7.0,2,196,0.0
504,209.0,212.0,7341269.0,8.0,8.0,12,206,0.0
505,211.0,206.0,-30266524.0,-5.0,3.0,14,212,0.0
506,204.0,208.0,-4538216.0,-8.0,4.0,5,179,0.0
507,210.0,205.0,-6289980.0,-4.0,2.0,-11,193,0.0
508,201.0,180.0,30765734.0,1.0,14.0,25,227,1.0
509,222.0,214.0,1065570.0,3.0,8.0,-4,192,0.0
510,209.0,195.0,-20682982.0,-1.0,5.0,-10,208,0.0
511,191.0,207.0,8681901.0,-1.0,10.0,3,253,1.0
512,224.0,218.0,-819091.0,1.0,9.0,15,241,1.0
513,206.0,214.0,-579829.0,1.0,6.0,17,231,1.0
514,205.0,196.0,-26734071.0,-9.0,6.0,14,204,0.0
515,211.0,215.0,-9039365.0,1.0,14.0,1,197,0.0
516,214.0,223.0,-7957123.0,-1.0,6.0,6,198,0.0
517,208.0,191.0,-13783644.0,-5.0,5.0,13,191,0.0
518,205.0,193.0,27212837.0,0.0,10.0,4,224,1.0
519,193.0,198.0,14623652.0,1.0,8.0,12,226,1.0
520,194.0,195.0,-2287522.0,-3.0,4.0,12,226,1.0
521,204.0,213.0,26750220.0,4.0,14.0,-11,211,0.0
522,221.0,210.0,-15097978.0,-2.0,5.0,-15,227,1.0
523,214.0,208.0,43700681.0,1.0,10.0,-24,198,0.0
524,213.0,221.0,9779556.0,1.0,9.0,-8,248,1.0
525,215.0,223.0,25076710.0,2.0,6.0,-2,192,0.0
526,201.0,198.0,-10890699.0,0.0,6.0,-10,212,0.0
527,202.0,216.0,37484920.0,6.0,11.0,13,209,0.0
528,205.0,223.0,1682965.0,-3.0,9.0,18,224,1.0
529,196.0,205.0,-25213879.0,-2.0,3.0,15,193,0.0
530,203.0,213.0,13102561.0,5.0,7.0,-5,209,0.0
531,190.0,204.0,1603217.0,-6.0,8.0,14,172,0.0
532,200.0,205.0,23493374.0,7.0,14.0,13,269,1.0
533,228.0,220.0,6463292.0,-6.0,9.0,-2,208,0.0
534,191.0,194.0,-48539839.0,-1.0,5.0,-6,228,1.0
535,202.0,192.0,-1479800.0,-2.0,3.0,3,205,0.0
536,202.0,208.0,10628021.0,8.0,14.0,3,213,0.0
537,233.0,227.0,32755481.0,7.0,12.0,6,290,1.0
538,208.0,208.0,-20402408.0,-1.0,8.0,-17,197,0.0
539,198.0,219.0,-2328158.0,-2.0,7.0,8,204,0.0
540,210.0,218.0,38587565.0,6.0,6.0,-3,229,1.0
541,207.0,206.0,-3125914.0,-1.0,8.0,-13,233,1.0
542,222.0,214.0,-32526631.0,-1.0,6.0,-18,210,0.0
543,211.0,226.0,33170950.0,2.0,9.0,4,224,1.0
544,207.0,202.0,4839158.0,0.0,6.0,3,193,0.0
545,198.0,201.0,-28118305.0,1.0,4.0,-4,244,1.0
546,244.0,244.0,23957426.0,6.0,11.0,18,210,0.0
547,196.0,210.0,25656539.0,1.0,11.0,4,258,1.0
548,217.0,221.0,-14495379.0,6.0,10.0,17,237,1.0
549,203.0,223.0,-5585004.0,2.0,7.0,8,218,0.0
550,194.0,190.0,-14623652.0,-2.0,3.0,-9,191,0.0
551,223.0,208.0,-5124872.0,-1.0,8.0,1,207,0.0
552,213.0,200.0,-29269785.0,-4.0,6.0,-20,242,1.0
553,206.0,202.0,8825694.0,1.0,14.0,14,190,0.0
554,190.0,208.0,-10869331.0,-5.0,6.0,1,195,0.0
555,224.0,218.0,-40389346.0,-5.0,4.0,-9,239,1.0
556,197.0,211.0,-41686908.0,-7.0,5.0,-3,247,1.0
557,201.0,207.0,16228475.0,5.0,7.0,23,245,1.0
558,213.0,205.0,-41077013.0,-8.0,5.0,-37,229,1.0
559,204.0,186.0,34756195.0,-4.0,11.0,7,215,0.0
560,213.0,205.0,12445285.0,1.0,7.0,21,223,1.0
561,217.0,207.0,-24506544.0,-7.0,5.0,-18,214,0.0
562,202.0,199.0,-18256400.0,-10.0,10.0,6,218,0.0
563,198.0,207.0,1141618.0,4.0,3.0,-10,206,0.0
564,211.0,217.0,28632734.0,-3.0,9.0,18,224,1.0
565,244.0,249.0,-11420875.0,-1.0,13.0,-10,238,1.0
566,197.0,227.0,-25979035.0,-4.0,7.0,-10,244,1.0
567,192.0,203.0,-241310.0,4.0,14.0,7,175,0.0
568,219.0,219.0,1221952.0,-1.0,5.0,-3,251,1.0
569,221.0,211.0,1864903.0,0.0,7.0,8,190,0.0
570,230.0,215.0,-17426136.0,-4.0,5.0,-14,202,0.0
571,215.0,202.0,-13755464.0,-6.0,5.0,-2,202,0.0
572,215.0,203.0,50983064.0,-6.0,11.0,4,210,0.0
573,214.0,227.0,-25656539.0,-1.0,7.0,-19,239,1.0
574,214.0,206.0,-19859617.0,-4.0,10.0,36,192,0.0
575,213.0,204.0,25213879.0,1.0,11.0,21,199,0.0
576,217.0,218.0,21382314.0,10.0,9.0,14,192,0.0
577,191.0,200.0,-10628021.0,-9.0,6.0,-2,172,0.0
578,189.0,207.0,-10722900.0,-2.0,8.0,7,209,0.0
579,222.0,213.0,2287522.0,2.0,8.0,39,211,0.0
580,226.0,233.0,-29078378.0,-5.0,7.0,-16,226,1.0
581,204.0,224.0,11688422.0,4.0,11.0,18,214,0.0
582,214.0,194.0,-6641485.0,-8.0,5.0,-4,258,1.0
583,226.0,215.0,-27119174.0,-8.0,6.0,8,204,0.0
584,220.0,231.0,18438143.0,0.0,10.0,-7,213,0.0
585,226.0,218.0,-3316264.0,-7.0,5.0,-4,196,0.0
586,223.0,191.0,-4171922.0,-1.0,5.0,19,245,1.0
587,209.0,195.0,43378154.0,-3.0,11.0,1,205,0.0
588,213.0,225.0,-42029963.0,-7.0,8.0,14,214,0.0
589,199.0,206.0,8956437.0,-9.0,11.0,1,221,1.0
590,201.0,213.0,-28568747.0,-5.0,6.0,-1,227,1.0
591,223.0,218.0,-31487985.0,-5.0,5.0,-9,223,1.0
592,221.0,226.0,28900831.0,1.0,17.0,10,238,1.0
593,204.0,221.0,-12445285.0,-1.0,8.0,13,205,0.0
594,236.0,211.0,10926056.0,3.0,7.0,1,215,0.0
595,215.0,227.0,9067004.0,-1.0,11.0,28,226,1.0
596,222.0,199.0,-9763577.0,-4.0,10.0,3,221,1.0
597,214.0,210.0,-32273013.0,-11.0,6.0,-7,207,0.0
598,213.0,200.0,-5759489.0,1.0,5.0,15,213,0.0
599,223.0,211.0,11843649.0,0.0,5.0,13,185,0.0
600,225.0,217.0,11691212.0,4.0,8.0,-11,223,1.0
601,212.0,225.0,-15131934.0,3.0,14.0,-1,179,0.0
602,213.0,200.0,-8944486.0,-4.0,6.0,-34,194,0.0
603,216.0,212.0,14936688.0,1.0,5.0,-4,226,1.0
604,211.0,212.0,11103603.0,7.0,7.0,-13,207,0.0
605,222.0,238.0,29078378.0,5.0,17.0,-19,231,1.0
606,238.0,235.0,3369680.0,4.0,14.0,9,233,1.0
607,190.0,207.0,-53233758.0,2.0,8.0,-8,220,0.0
608,211.0,204.0,8413978.0,-3.0,5.0,3,207,0.0
609,223.0,207.0,7751366.0,6.0,8.0,7,213,0.0
610,209.0,231.0,-17119587.0,1.0,11.0,16,192,0.0
611,219.0,196.0,4538216.0,6.0,4.0,-3,241,1.0
612,211.0,206.0,21027824.0,0.0,10.0,-3,211,0.0
613,202.0,211.0,-20429364.0,-10.0,5.0,12,174,0.0
614,183.0,204.0,-21543152.0,-9.0,10.0,-11,217,0.0
615,214.0,221.0,-26941627.0,-4.0,6.0,-6,236,1.0
616,220.0,207.0,26766420.0,-1.0,14.0,34,232,1.0
617,199.0,212.0,-8916173.0,-2.0,4.0,-5,215,0.0
618,213.0,205.0,4015514.0,-3.0,5.0,11,187,0.0
619,212.0,211.0,-5407457.0,6.0,7.0,9,165,0.0
620,230.0,208.0,-11335404.0,-2.0,8.0,2,192,0.0
621,216.0,230.0,-28176053.0,-2.0,8.0,-14,202,0.0
622,195.0,212.0,18151714.0,1.0,11.0,10,226,1.0
623,225.0,223.0,-17116797.0,0.0,10.0,6,232,1.0
624,209.0,219.0,-33708431.0,-7.0,8.0,-17,207,0.0
625,215.0,206.0,26189509.0,6.0,10.0,6,244,1.0
626,211.0,216.0,-20765085.0,-4.0,6.0,2,212,0.0
627,205.0,200.0,-23650877.0,-3.0,5.0,-10,192,0.0
628,225.0,221.0,2489448.0,0.0,6.0,-6,208,0.0
629,215.0,199.0,26941627.0,4.0,9.0,21,231,1.0
630,209.0,216.0,5153839.0,3.0,10.0,32,192,0.0
631,200.0,231.0,-2519514.0,-1.0,14.0,-2,252,1.0
632,216.0,223.0,21350351.0,5.0,10.0,6,232,1.0
633,210.0,206.0,40788473.0,-3.0,13.0,18,176,0.0
634,216.0,227.0,-5428375.0,7.0,11.0,17,223,1.0
635,215.0,208.0,-6463292.0,4.0,4.0,-5,241,1.0
636,223.0,201.0,-4507968.0,-6.0,8.0,-23,217,0.0
637,199.0,197.0,-16257442.0,-12.0,4.0,3,201,0.0
638,218.0,195.0,7282383.0,-6.0,7.0,-15,223,1.0
639,210.0,214.0,-55521280.0,-2.0,6.0,8,230,1.0
640,221.0,239.0,-29285934.0,-1.0,11.0,-10,226,1.0
641,192.0,215.0,4606445.0,2.0,9.0,-11,225,1.0
642,207.0,228.0,-17657503.0,-3.0,9.0,11,215,0.0
643,214.0,210.0,20682982.0,-1.0,5.0,9,237,1.0
644,227.0,204.0,52920662.0,7.0,9.0,7,183,0.0
645,214.0,223.0,-39483878.0,-6.0,10.0,6,228,1.0
646,209.0,208.0,9855604.0,-1.0,4.0,-15,203,0.0
647,214.0,206.0,18438143.0,1.0,10.0,-9,199,0.0
648,200.0,208.0,11447112.0,7.0,16.0,-3,229,1.0
649,200.0,208.0,12786077.0,6.0,7.0,3,207,0.0
650,213.0,205.0,-15708489.0,-11.0,5.0,6,210,0.0
651,212.0,205.0,30338751.0,2.0,12.0,7,229,1.0
652,211.0,217.0,-8097082.0,-3.0,4.0,1,187,0.0
653,212.0,192.0,-7341269.0,-10.0,7.0,-5,195,0.0
654,220.0,232.0,-42908860.0,-5.0,6.0,-7,231,1.0
655,203.0,195.0,-17012310.0,-4.0,6.0,24,242,1.0
656,217.0,208.0,-177547.0,-3.0,9.0,5,213,0.0
657,215.0,223.0,14877270.0,-6.0,5.0,6,204,0.0
658,217.0,210.0,-40788473.0,2.0,9.0,-5,207,0.0
659,216.0,211.0,41077013.0,6.0,9.0,24,204,0.0
660,214.0,202.0,-25254271.0,-6.0,6.0,-15,225,1.0
661,212.0,225.0,19624261.0,2.0,14.0,5,187,0.0
662,209.0,218.0,21543152.0,8.0,16.0,-9,169,0.0
663,229.0,221.0,6641485.0,7.0,11.0,1,207,0.0
664,219.0,218.0,8798055.0,-3.0,15.0,18,214,0.0
665,206.0,222.0,25830783.0,-3.0,12.0,14,186,0.0
666,210.0,202.0,-43700681.0,-3.0,7.0,6,196,0.0
667,209.0,202.0,16228475.0,8.0,7.0,-8,208,0.0
668,223.0,208.0,-12405865.0,-2.0,9.0,-10,234,1.0
669,189.0,196.0,-3555018.0,-5.0,6.0,13,185,0.0
670,207.0,200.0,32526631.0,3.0,5.0,18,194,0.0
671,197.0,205.0,21227478.0,-3.0,14.0,3,169,0.0
672,210.0,200.0,7604910.0,-2.0,5.0,-2,232,1.0
673,215.0,209.0,2904426.0,-2.0,4.0,-16,210,0.0
674,205.0,213.0,-39362640.0,0.0,6.0,-1,211,0.0
675,205.0,207.0,-26186591.0,0.0,11.0,-24,272,1.0
676,219.0,236.0,-11420875.0,0.0,15.0,8,224,1.0
677,214.0,230.0,-17699416.0,1.0,11.0,6,224,1.0
678,208.0,207.0,-8413978.0,0.0,12.0,7,215,0.0
679,204.0,208.0,-13827339.0,-4.0,11.0,22,210,0.0
680,203.0,214.0,26896353.0,3.0,12.0,9,225,1.0
681,220.0,224.0,-1687356.0,-1.0,5.0,12,238,1.0
682,205.0,197.0,15467179.0,10.0,16.0,-8,198,0.0
683,224.0,218.0,8944486.0,3.0,9.0,-1,201,0.0
684,196.0,208.0,-5805712.0,-5.0,6.0,20,234,1.0
685,186.0,200.0,16874346.0,5.0,11.0,-8,180,0.0
686,206.0,204.0,-9238700.0,-5.0,4.0,14,194,0.0
687,209.0,198.0,29269785.0,5.0,6.0,5,219,0.0
688,219.0,218.0,-31948998.0,-6.0,6.0,23,173,0.0
689,220.0,206.0,-14110276.0,3.0,7.0,3,205,0.0
690,211.0,220.0,-24033295.0,5.0,15.0,9,189,0.0
691,212.0,208.0,-8859448.0,-5.0,9.0,-8,244,1.0
692,188.0,208.0,18510018.0,0.0,5.0,4,206,0.0
693,213.0,206.0,16953253.0,6.0,9.0,4,214,0.0
694,214.0,223.0,11001508.0,1.0,12.0,4,260,1.0
695,236.0,222.0,38370644.0,1.0,21.0,11,235,1.0
696,192.0,215.0,-23716116.0,-7.0,6.0,1,215,0.0
697,200.0,212.0,27988918.0,6.0,10.0,1,217,0.0
698,219.0,208.0,20092586.0,1.0,6.0,-6,204,0.0
699,201.0,194.0,5538942.0,3.0,11.0,12,216,0.0
700,210.0,210.0,-37484920.0,-7.0,4.0,-15,201,0.0
701,207.0,213.0,5157132.0,0.0,6.0,-5,197,0.0
702,195.0,207.0,-30266033.0,-8.0,6.0,-7,201,0.0
703,209.0,202.0,8621959.0,-1.0,9.0,-3,193,0.0
704,206.0,205.0,4507968.0,6.0,11.0,15,217,0.0
705,217.0,218.0,-8618138.0,-4.0,9.0,-11,215,0.0
706,188.0,194.0,253618.0,-8.0,5.0,-23,193,0.0
707,219.0,232.0,905468.0,0.0,11.0,14,216,0.0
708,215.0,222.0,5428375.0,-6.0,12.0,9,237,1.0
709,220.0,211.0,9469813.0,2.0,7.0,12,248,1.0
710,232.0,230.0,20218930.0,-2.0,21.0,13,239,1.0
711,193.0,200.0,68632425.0,5.0,15.0,-1,177,0.0
712,207.0,200.0,6638567.0,2.0,10.0,9,233,1.0
713,229.0,212.0,1267496.0,-1.0,7.0,-5,211,0.0
714,207.0,210.0,13254214.0,3.0,6.0,11,231,1.0
715,219.0,208.0,11335404.0,1.0,11.0,7,223,1.0
716,207.0,201.0,-26896353.0,-4.0,6.0,-14,200,0.0
717,219.0,209.0,5585004.0,-2.0,5.0,-9,209,0.0
718,211.0,210.0,2912208.0,5.0,9.0,25,207,0.0
719,218.0,227.0,-20486477.0,-5.0,13.0,2,228,1.0
720,237.0,212.0,-6758662.0,-7.0,9.0,-22,192,0.0
721,194.0,205.0,18256400.0,8.0,12.0,-19,175,0.0
722,189.0,195.0,28246220.0,3.0,15.0,-4,190,0.0
723,215.0,198.0,-30266524.0,-5.0,4.0,-25,233,1.0
724,220.0,223.0,12786077.0,8.0,7.0,2,180,0.0
725,213.0,222.0,-19044432.0,-5.0,9.0,-13,229,1.0
726,215.0,230.0,20460240.0,0.0,21.0,4,214,0.0
727,201.0,211.0,-4693919.0,7.0,11.0,2,226,1.0
728,192.0,208.0,39362640.0,-2.0,15.0,4,186,0.0
729,215.0,213.0,10869331.0,9.0,12.0,14,208,0.0
730,218.0,202.0,-14732807.0,-5.0,7.0,-14,206,0.0
731,215.0,212.0,-7142159.0,4.0,11.0,17,225,1.0
732,210.0,209.0,33708431.0,10.0,16.0,11,215,0.0
733,222.0,229.0,-2828974.0,0.0,13.0,-9,215,0.0
734,194.0,211.0,38904049.0,6.0,11.0,10,234,1.0
735,191.0,185.0,32273013.0,13.0,12.0,15,211,0.0
736,201.0,198.0,41656842.0,5.0,15.0,12,234,1.0
737,236.0,212.0,-19785504.0,-10.0,4.0,5,205,0.0
738,201.0,191.0,-54299328.0,-3.0,6.0,-7,183,0.0
739,203.0,208.0,-8440591.0,1.0,7.0,-1,221,1.0
740,203.0,213.0,-13871118.0,2.0,11.0,9,201,0.0
741,216.0,199.0,21635932.0,4.0,5.0,11,229,1.0
742,202.0,215.0,13827339.0,4.0,10.0,12,202,0.0
743,223.0,202.0,7142159.0,-5.0,9.0,11,239,1.0
744,208.0,216.0,24506544.0,11.0,16.0,7,221,1.0
745,214.0,212.0,-14287823.0,0.0,11.0,-8,200,0.0
746,216.0,206.0,24112653.0,7.0,13.0,-11,217,0.0
747,226.0,209.0,-7282383.0,5.0,7.0,16,206,0.0
748,207.0,200.0,5153839.0,2.0,12.0,2,210,0.0
749,213.0,214.0,17699416.0,-2.0,15.0,5,213,0.0
750,224.0,227.0,-30765734.0,-5.0,7.0,30,228,1.0
751,217.0,226.0,-6638567.0,-4.0,12.0,6,198,0.0
752,208.0,201.0,-13254214.0,-3.0,4.0,-13,233,1.0
753,202.0,203.0,17910404.0,2.0,18.0,30,176,0.0
754,205.0,196.0,10915131.0,-2.0,8.0,8,224,1.0
755,204.0,212.0,-41898354.0,5.0,11.0,2,180,0.0
756,203.0,205.0,-17127964.0,4.0,11.0,4,206,0.0
757,222.0,211.0,8248937.0,-4.0,6.0,22,232,1.0
758,209.0,189.0,-3442398.0,-2.0,9.0,14,190,0.0
759,224.0,225.0,28118305.0,3.0,14.0,16,232,1.0
760,209.0,214.0,-25801488.0,0.0,7.0,3,251,1.0
761,215.0,212.0,1349599.0,1.0,9.0,2,206,0.0
762,201.0,214.0,7957123.0,3.0,12.0,19,197,0.0
763,207.0,211.0,-12326117.0,2.0,12.0,-11,193,0.0
764,204.0,212.0,-7218396.0,-3.0,12.0,3,241,1.0
765,197.0,205.0,19544194.0,8.0,18.0,9,229,1.0
766,224.0,211.0,13088095.0,-1.0,8.0,-3,201,0.0
767,209.0,211.0,13871118.0,-4.0,7.0,7,259,1.0
768,198.0,199.0,10194591.0,1.0,10.0,2,182,0.0
769,208.0,218.0,28808009.0,5.0,11.0,-14,214,0.0
770,192.0,204.0,-54615812.0,-1.0,12.0,6,200,0.0
771,193.0,193.0,-14363572.0,-6.0,9.0,-32,226,1.0
772,236.0,211.0,-56020005.0,-12.0,9.0,-15,223,1.0
773,200.0,212.0,12271041.0,4.0,15.0,25,235,1.0
774,197.0,208.0,-17865059.0,-1.0,11.0,-32,208,0.0
775,226.0,227.0,-28900831.0,1.0,7.0,7,223,1.0
776,204.0,201.0,-34756195.0,2.0,9.0,4,218,0.0
777,210.0,208.0,1382054.0,5.0,11.0,8,192,0.0
778,228.0,210.0,13830482.0,3.0,11.0,10,216,0.0
779,193.0,217.0,11688422.0,7.0,12.0,11,225,1.0
780,213.0,230.0,-26189509.0,-8.0,6.0,-17,213,0.0
781,218.0,198.0,-14333097.0,-3.0,9.0,-7,205,0.0
782,196.0,208.0,7018742.0,7.0,12.0,-9,231,1.0
783,211.0,211.0,-5669685.0,5.0,18.0,1,193,0.0
784,207.0,197.0,-2912208.0,-7.0,8.0,-15,203,0.0
785,220.0,220.0,1633790.0,5.0,7.0,-3,195,0.0
786,220.0,211.0,41077013.0,7.0,11.0,-4,212,0.0
787,218.0,206.0,-18379086.0,-6.0,9.0,-5,225,1.0
788,206.0,219.0,20973860.0,7.0,15.0,15,187,0.0
789,218.0,227.0,-2150611.0,6.0,7.0,17,225,1.0
790,211.0,209.0,-7353220.0,1.0,9.0,20,202,0.0
791,199.0,216.0,-30883428.0,2.0,11.0,-9,213,0.0
792,204.0,206.0,12608530.0,5.0,11.0,3,205,0.0
793,200.0,199.0,48539839.0,4.0,16.0,-2,220,0.0
794,215.0,222.0,-1141618.0,-1.0,14.0,-24,242,1.0
795,227.0,206.0,-13111145.0,-4.0,9.0,6,202,0.0
796,215.0,199.0,-16511060.0,-2.0,5.0,26,190,0.0
797,198.0,210.0,-19667386.0,-9.0,8.0,-10,236,1.0
798,223.0,231.0,3099343.0,0.0,22.0,-20,230,1.0
799,216.0,215.0,952950.0,3.0,9.0,19,205,0.0
800,200.0,204.0,-10194591.0,-2.0,7.0,-14,192,0.0
801,227.0,212.0,-6641485.0,-10.0,7.0,18,214,0.0
802,200.0,219.0,-32265482.0,-4.0,12.0,13,217,0.0
803,201.0,217.0,17940726.0,0.0,15.0,20,202,0.0
804,219.0,200.0,-9067004.0,-3.0,11.0,2,278,1.0
805,208.0,204.0,8944486.0,6.0,9.0,9,221,1.0
806,211.0,232.0,7272360.0,-2.0,5.0,-4,180,0.0
807,201.0,217.0,24033295.0,-7.0,16.0,-8,210,0.0
808,200.0,201.0,-21382314.0,-13.0,9.0,-48,210,0.0
809,217.0,208.0,41686908.0,9.0,22.0,18,224,1.0
810,205.0,231.0,-41077013.0,-6.0,9.0,25,187,0.0
811,208.0,214.0,4077015.0,-2.0,7.0,2,198,0.0
812,221.0,228.0,11959665.0,0.0,14.0,6,212,0.0
813,189.0,199.0,35851130.0,6.0,15.0,25,201,0.0
814,218.0,211.0,10722330.0,-4.0,14.0,-6,214,0.0
815,215.0,209.0,-10718500.0,-8.0,5.0,-16,230,1.0
816,213.0,214.0,20161098.0,2.0,19.0,-6,188,0.0
817,235.0,222.0,-22689930.0,-11.0,7.0,1,227,1.0
818,207.0,222.0,6934603.0,2.0,9.0,-13,203,0.0
819,211.0,212.0,17479956.0,-2.0,20.0,26,234,1.0
820,196.0,201.0,40788473.0,-5.0,16.0,6,176,0.0
821,208.0,216.0,-10096040.0,0.0,12.0,18,182,0.0
822,211.0,197.0,-41229450.0,-8.0,9.0,-18,218,0.0
823,214.0,226.0,-4015514.0,0.0,11.0,12,200,0.0
824,217.0,199.0,819091.0,-3.0,8.0,-10,266,1.0
825,219.0,214.0,-33170950.0,-5.0,7.0,-11,191,0.0
826,203.0,196.0,2489448.0,-4.0,7.0,7,253,1.0
827,192.0,227.0,23746992.0,-2.0,22.0,17,227,1.0
828,191.0,197.0,-7751366.0,-7.0,7.0,-7,215,0.0
829,190.0,214.0,-12925014.0,-1.0,12.0,14,210,0.0
830,239.0,193.0,-16228475.0,-13.0,9.0,-10,236,1.0
831,219.0,206.0,-17860659.0,-6.0,5.0,3,233,1.0
832,207.0,207.0,8825694.0,1.0,19.0,-22,220,0.0
833,228.0,234.0,-24230706.0,-8.0,8.0,-20,226,1.0
834,213.0,220.0,30266033.0,10.0,20.0,7,201,0.0
835,207.0,191.0,-2250694.0,3.0,12.0,8,234,1.0
836,202.0,219.0,35801075.0,14.0,12.0,5,217,0.0
837,213.0,193.0,20394031.0,6.0,12.0,18,202,0.0
838,201.0,222.0,15975179.0,0.0,15.0,-19,211,0.0
839,230.0,219.0,-2009883.0,-5.0,8.0,-13,215,0.0
840,214.0,206.0,-6981441.0,1.0,7.0,4,206,0.0
841,221.0,218.0,9763577.0,4.0,9.0,-15,221,1.0
842,219.0,216.0,45129306.0,12.0,22.0,46,212,0.0
843,206.0,208.0,-3632748.0,0.0,12.0,16,200,0.0
844,201.0,221.0,-7018742.0,-6.0,12.0,2,200,0.0
845,215.0,215.0,14333097.0,3.0,7.0,-5,223,1.0
846,208.0,220.0,-5153839.0,0.0,8.0,8,226,1.0
847,194.0,200.0,11828381.0,5.0,13.0,5,189,0.0
848,204.0,224.0,-8798055.0,1.0,12.0,-18,234,1.0
849,204.0,224.0,26186591.0,0.0,12.0,-8,232,1.0
850,193.0,209.0,-15131934.0,9.0,16.0,3,227,1.0
851,210.0,204.0,8618138.0,5.0,19.0,-10,248,1.0
852,222.0,212.0,9533077.0,-9.0,8.0,-5,211,0.0
853,209.0,218.0,-40389346.0,-11.0,7.0,-24,220,0.0
854,210.0,198.0,17860659.0,5.0,9.0,6,202,0.0
855,206.0,221.0,44599130.0,14.0,21.0,9,191,0.0
856,206.0,198.0,-20394031.0,-7.0,5.0,-7,235,1.0
857,240.0,220.0,12269004.0,0.0,16.0,22,256,1.0
858,200.0,198.0,-28632734.0,-1.0,7.0,-5,231,1.0
859,213.0,203.0,-9177199.0,-4.0,7.0,-2,206,0.0
860,201.0,213.0,-54615812.0,3.0,12.0,2,206,0.0
861,222.0,214.0,-14790555.0,-6.0,15.0,6,240,1.0
862,218.0,196.0,14363572.0,8.0,12.0,10,204,0.0
863,207.0,210.0,724778.0,-4.0,13.0,-11,257,1.0
864,242.0,224.0,23957426.0,9.0,12.0,8,230,1.0
865,217.0,196.0,-905468.0,-5.0,7.0,-1,231,1.0
866,231.0,211.0,4338041.0,4.0,9.0,15,207,0.0
867,228.0,227.0,-19548024.0,3.0,14.0,-7,213,0.0
868,204.0,241.0,29078378.0,6.0,22.0,7,261,1.0
869,214.0,199.0,2443225.0,-5.0,7.0,-7,233,1.0
870,221.0,211.0,-52920662.0,-12.0,10.0,-3,217,0.0
871,215.0,221.0,-5153839.0,1.0,9.0,3,241,1.0
872,210.0,207.0,-1683535.0,-2.0,9.0,-12,208,0.0
873,213.0,222.0,8798055.0,-1.0,21.0,18,222,1.0
874,208.0,208.0,-616904.0,7.0,13.0,23,209,0.0
875,195.0,206.0,-2489448.0,3.0,9.0,22,226,1.0
876,217.0,224.0,5792560.0,-7.0,5.0,-23,201,0.0
877,225.0,225.0,-44519772.0,1.0,16.0,1,247,1.0
878,243.0,223.0,-16050928.0,-7.0,9.0,-11,245,1.0
879,198.0,213.0,25656539.0,5.0,17.0,-3,241,1.0
880,200.0,212.0,-15975179.0,1.0,12.0,-19,181,0.0
881,215.0,209.0,17012310.0,1.0,17.0,-17,227,1.0
882,218.0,238.0,3099343.0,3.0,22.0,32,192,0.0
883,200.0,184.0,36105794.0,1.0,16.0,26,204,0.0
884,222.0,215.0,22689930.0,11.0,12.0,18,226,1.0
885,211.0,210.0,-17910404.0,-5.0,8.0,-9,233,1.0
886,203.0,210.0,-6075973.0,7.0,13.0,11,221,1.0
887,215.0,211.0,-30338751.0,-8.0,9.0,-2,210,0.0
888,233.0,215.0,-11843649.0,-7.0,10.0,-5,221,1.0
889,213.0,193.0,10921174.0,7.0,12.0,7,187,0.0
890,220.0,217.0,-4606445.0,-3.0,10.0,16,212,0.0
891,231.0,220.0,-5538942.0,-2.0,15.0,-16,204,0.0
892,216.0,238.0,-17479956.0,0.0,9.0,-5,233,1.0
893,222.0,227.0,3731299.0,3.0,14.0,-2,244,1.0
894,225.0,212.0,32265482.0,-2.0,17.0,15,203,0.0
895,227.0,224.0,4171922.0,-2.0,5.0,-19,227,1.0
896,228.0,195.0,3033134.0,8.0,21.0,11,207,0.0
897,229.0,207.0,11820599.0,-2.0,8.0,17,191,0.0
898,213.0,215.0,-1065570.0,-10.0,7.0,6,212,0.0
899,233.0,216.0,13221954.0,7.0,17.0,9,241,1.0
900,231.0,219.0,-38370644.0,-8.0,8.0,-14,236,1.0
901,221.0,214.0,32828076.0,9.0,14.0,7,217,0.0
902,230.0,214.0,-35801075.0,-17.0,10.0,-18,218,0.0
903,224.0,217.0,19624261.0,5.0,17.0,29,217,0.0
904,203.0,212.0,-19344859.0,-5.0,12.0,-11,181,0.0
905,212.0,206.0,16158640.0,4.0,10.0,15,221,1.0
906,224.0,199.0,1802327.0,8.0,15.0,6,252,1.0
907,234.0,241.0,177547.0,8.0,9.0,-2,242,1.0
908,198.0,204.0,54615812.0,-4.0,16.0,1,203,0.0
909,220.0,225.0,-18438143.0,1.0,14.0,-3,211,0.0
910,215.0,212.0,41229450.0,9.0,17.0,17,215,0.0
911,222.0,212.0,616904.0,-8.0,5.0,5,209,0.0
912,212.0,218.0,6289980.0,4.0,21.0,28,240,1.0
913,216.0,203.0,-38587565.0,-9.0,7.0,-1,221,1.0
914,214.0,211.0,6032278.0,0.0,9.0,23,197,0.0
915,198.0,212.0,-17657503.0,-8.0,16.0,-13,197,0.0
916,228.0,201.0,21635932.0,4.0,5.0,-8,212,0.0
917,214.0,226.0,-33407905.0,-14.0,7.0,-13,221,1.0
918,224.0,222.0,8160360.0,5.0,14.0,-5,237,1.0
919,218.0,225.0,-9737910.0,-6.0,18.0,-8,210,0.0
920,222.0,214.0,12717458.0,2.0,15.0,-11,205,0.0
921,204.0,220.0,56788776.0,1.0,16.0,-18,244,1.0
922,214.0,227.0,5428375.0,-7.0,17.0,9,207,0.0
923,233.0,212.0,-24931744.0,-4.0,10.0,5,227,1.0
924,215.0,220.0,-40004434.0,-10.0,5.0,-5,223,1.0
925,219.0,201.0,-1221952.0,1.0,7.0,8,208,0.0
926,214.0,206.0,9292266.0,0.0,16.0,23,233,1.0
927,228.0,222.0,5407457.0,-11.0,5.0,-6,210,0.0
928,216.0,212.0,12445285.0,-2.0,14.0,-7,199,0.0
929,231.0,203.0,-13783644.0,-9.0,7.0,9,221,1.0
930,219.0,219.0,-15253172.0,1.0,14.0,11,209,0.0
931,225.0,208.0,-42029963.0,-12.0,10.0,-8,240,1.0
932,203.0,194.0,-10546804.0,-6.0,12.0,8,224,1.0
933,209.0,220.0,-7218396.0,-7.0,18.0,-7,197,0.0
934,222.0,220.0,-385103.0,-3.0,15.0,-9,243,1.0
935,205.0,226.0,9039365.0,1.0,24.0,3,243,1.0
936,227.0,209.0,34756195.0,-4.0,16.0,9,201,0.0
937,219.0,202.0,-12434045.0,-1.0,7.0,7,207,0.0
938,214.0,224.0,-11691212.0,-2.0,17.0,8,208,0.0
939,208.0,220.0,-25254271.0,-11.0,10.0,-7,189,0.0
940,225.0,232.0,20429364.0,7.0,14.0,-4,228,1.0
941,221.0,214.0,5124872.0,5.0,5.0,1,225,1.0
942,223.0,228.0,-9779556.0,-5.0,7.0,-17,235,1.0
943,220.0,223.0,2009883.0,5.0,16.0,3,243,1.0
944,206.0,206.0,13827339.0,-1.0,14.0,8,228,1.0
945,224.0,205.0,-17649361.0,-7.0,10.0,3,201,0.0
946,216.0,221.0,24230706.0,7.0,19.0,5,201,0.0
947,204.0,200.0,30883428.0,-3.0,18.0,-3,193,0.0
948,221.0,223.0,-22448620.0,-9.0,7.0,-16,194,0.0
949,228.0,209.0,-7142159.0,1.0,15.0,22,202,0.0
950,207.0,211.0,-12445285.0,1.0,15.0,3,181,0.0
951,192.0,220.0,-29385801.0,-5.0,13.0,-5,211,0.0
952,215.0,214.0,57741726.0,8.0,16.0,22,228,1.0
953,222.0,206.0,-253618.0,9.0,14.0,2,198,0.0
954,212.0,206.0,5161685.0,7.0,13.0,14,174,0.0
955,211.0,222.0,15253172.0,-2.0,10.0,-14,242,1.0
956,230.0,228.0,-12786077.0,-12.0,7.0,11,225,1.0
957,214.0,235.0,31088261.0,12.0,25.0,13,215,0.0
958,222.0,239.0,2828974.0,1.0,16.0,-5,237,1.0
959,201.0,216.0,8321532.0,-4.0,16.0,-10,234,1.0
960,210.0,211.0,23580089.0,4.0,18.0,24,198,0.0
961,208.0,204.0,37484920.0,11.0,19.0,16,196,0.0
962,216.0,208.0,-22350330.0,0.0,18.0,4,230,1.0
963,208.0,194.0,-19415486.0,1.0,7.0,9,229,1.0
964,216.0,233.0,385103.0,2.0,11.0,-5,221,1.0
965,194.0,214.0,-19624261.0,-7.0,9.0,-2,240,1.0
966,186.0,206.0,-9855604.0,1.0,15.0,-20,188,0.0
967,203.0,201.0,-8248937.0,2.0,13.0,1,215,0.0
968,211.0,223.0,-16755178.0,-5.0,14.0,-11,209,0.0
969,214.0,221.0,-24112653.0,-7.0,10.0,-13,215,0.0
970,231.0,221.0,4338041.0,6.0,10.0,-14,236,1.0
971,201.0,227.0,23746992.0,2.0,25.0,3,217,0.0
972,214.0,231.0,54615812.0,-2.0,16.0,9,207,0.0
973,209.0,228.0,241310.0,2.0,13.0,-8,226,1.0
974,231.0,216.0,42029963.0,12.0,16.0,28,202,0.0
975,226.0,232.0,15275525.0,8.0,11.0,9,241,1.0
976,222.0,209.0,20765085.0,5.0,9.0,16,182,0.0
977,205.0,185.0,-616904.0,7.0,15.0,25,199,0.0
978,218.0,229.0,207556.0,-4.0,16.0,14,218,0.0
979,197.0,204.0,7272360.0,-8.0,5.0,-17,173,0.0
980,219.0,198.0,10194591.0,4.0,14.0,8,232,1.0
981,221.0,231.0,-22169442.0,-2.0,21.0,-19,213,0.0
982,200.0,222.0,-14790555.0,-5.0,18.0,17,233,1.0
983,212.0,199.0,-20092586.0,-3.0,10.0,6,182,0.0
984,195.0,219.0,8901361.0,2.0,20.0,3,213,0.0
985,234.0,207.0,18379086.0,9.0,10.0,7,237,1.0
986,221.0,216.0,-18193534.0,0.0,7.0,34,194,0.0
987,207.0,209.0,6849041.0,6.0,16.0,8,218,0.0
988,199.0,223.0,22350330.0,0.0,16.0,27,231,1.0
989,207.0,220.0,20647649.0,-1.0,16.0,10,198,0.0
990,217.0,199.0,2904426.0,0.0,5.0,-7,251,1.0
991,204.0,220.0,20161098.0,0.0,23.0,-2,196,0.0
992,208.0,211.0,10915131.0,-8.0,9.0,-23,217,0.0
993,199.0,220.0,-30266033.0,-11.0,7.0,-23,187,0.0
994,224.0,216.0,27119174.0,14.0,11.0,26,234,1.0
995,212.0,215.0,-14890422.0,-6.0,13.0,14,240,1.0
996,227.0,223.0,-20218930.0,-1.0,13.0,6,212,0.0
997,200.0,208.0,-1141618.0,-4.0,21.0,-17,215,0.0
998,227.0,222.0,-35851130.0,-12.0,8.0,-26,238,1.0
999,214.0,218.0,12326117.0,2.0,27.0,16,202,0.0
1000,201.0,182.0,4682679.0,-8.0,5.0,-18,224,1.0
1001,216.0,209.0,52920662.0,12.0,16.0,5,207,0.0
1002,215.0,228.0,-27402975.0,2.0,18.0,16,214,0.0
1003,229.0,221.0,-36905091.0,-9.0,5.0,-12,226,1.0
1004,216.0,223.0,-28568747.0,-16.0,9.0,-14,218,0.0
1005,226.0,230.0,-13830482.0,-5.0,8.0,-6,218,0.0
1006,222.0,230.0,-15275525.0,-9.0,13.0,9,215,0.0
1007,224.0,203.0,-5157132.0,-2.0,21.0,4,234,1.0
1008,231.0,204.0,3316264.0,2.0,8.0,-13,207,0.0
1009,195.0,209.0,-1382054.0,-3.0,16.0,-3,199,0.0
1010,236.0,220.0,-15843372.0,-13.0,10.0,-22,236,1.0
1011,211.0,203.0,12180427.0,10.0,14.0,36,180,0.0
1012,200.0,192.0,-8621959.0,0.0,16.0,31,189,0.0
1013,218.0,212.0,10481020.0,-7.0,19.0,-5,227,1.0
1014,215.0,215.0,-10722330.0,4.0,23.0,-1,249,1.0
1015,218.0,230.0,44176356.0,8.0,25.0,11,223,1.0
1016,206.0,213.0,-7751366.0,-8.0,7.0,9,243,1.0
1017,211.0,202.0,-68632425.0,-9.0,10.0,4,242,1.0
1018,231.0,217.0,-13254214.0,-4.0,5.0,-12,246,1.0
1019,219.0,210.0,-6757056.0,5.0,11.0,7,233,1.0
1020,212.0,229.0,17657503.0,6.0,27.0,5,197,0.0
1021,196.0,221.0,-38101824.0,-5.0,17.0,-7,205,0.0
1022,224.0,204.0,19415486.0,-2.0,5.0,-1,221,1.0
1023,219.0,214.0,3632748.0,-4.0,8.0,-8,228,1.0
1024,210.0,233.0,14495379.0,1.0,18.0,8,218,0.0
1025,195.0,223.0,8160360.0,6.0,14.0,5,191,0.0
1026,202.0,208.0,14363572.0,13.0,16.0,28,204,0.0
1027,215.0,214.0,56020005.0,15.0,25.0,-5,191,0.0
1028,222.0,225.0,-56788776.0,-2.0,13.0,-1,183,0.0
1029,204.0,213.0,25979035.0,4.0,17.0,8,234,1.0
1030,214.0,229.0,-15467179.0,-9.0,7.0,-9,175,0.0
1031,212.0,219.0,-10915131.0,8.0,17.0,4,236,1.0
1032,200.0,211.0,39167394.0,14.0,23.0,7,237,1.0
1033,223.0,209.0,10598647.0,-2.0,9.0,8,220,0.0
1034,220.0,217.0,-13622926.0,-7.0,9.0,-5,223,1.0
1035,223.0,209.0,5407457.0,-14.0,5.0,7,195,0.0
1036,219.0,201.0,11828381.0,6.0,15.0,5,239,1.0
1037,208.0,215.0,-20486477.0,-9.0,21.0,-6,208,0.0
1038,231.0,222.0,-11620424.0,-3.0,8.0,23,225,1.0
1039,234.0,214.0,-45129306.0,-18.0,10.0,-15,233,1.0
1040,216.0,212.0,7353220.0,3.0,18.0,13,187,0.0
1041,201.0,213.0,-3528062.0,-1.0,14.0,16,218,0.0
1042,188.0,209.0,25254271.0,11.0,16.0,6,200,0.0
1043,208.0,207.0,30883428.0,-4.0,20.0,7,211,0.0
1044,205.0,220.0,-14287823.0,-5.0,17.0,-13,231,1.0
1045,203.0,215.0,-8798055.0,-1.0,14.0,-9,249,1.0
1046,203.0,207.0,-11447112.0,-5.0,21.0,19,197,0.0
1047,214.0,227.0,579829.0,4.0,23.0,-7,257,1.0
1048,221.0,198.0,-7594887.0,-1.0,9.0,3,233,1.0
1049,217.0,222.0,-1109881.0,0.0,18.0,7,241,1.0
1050,215.0,211.0,3555018.0,5.0,17.0,10,210,0.0
1051,207.0,219.0,41513251.0,-7.0,17.0,8,290,1.0
1052,220.0,223.0,4538216.0,2.0,8.0,18,202,0.0
1053,226.0,220.0,-15253172.0,2.0,17.0,14,202,0.0
1054,214.0,201.0,-33876230.0,-9.0,11.0,-16,196,0.0
1055,204.0,224.0,-23746992.0,-1.0,14.0,14,164,0.0
1056,229.0,238.0,-17360897.0,-2.0,24.0,1,199,0.0
1057,230.0,224.0,8859448.0,6.0,14.0,14,232,1.0
1058,211.0,213.0,9779556.0,5.0,21.0,10,220,0.0
1059,202.0,211.0,-33407905.0,-15.0,7.0,-7,179,0.0
1060,221.0,207.0,-22985531.0,-12.0,10.0,-27,203,0.0
1061,201.0,222.0,-3369680.0,-2.0,19.0,-4,226,1.0
1062,206.0,208.0,9238700.0,9.0,16.0,-5,193,0.0
1063,224.0,213.0,-4338041.0,-5.0,9.0,-6,216,0.0
1064,238.0,227.0,-14008029.0,-12.0,9.0,-33,237,1.0
1065,203.0,219.0,-26766420.0,-6.0,18.0,3,261,1.0
1066,235.0,236.0,50983064.0,3.0,17.0,21,217,0.0
1067,230.0,225.0,902325.0,2.0,15.0,-7,247,1.0
1068,203.0,210.0,8713986.0,-4.0,21.0,4,188,0.0
1069,215.0,212.0,-18510018.0,8.0,17.0,14,224,1.0
1070,202.0,213.0,-14009082.0,7.0,14.0,8,188,0.0
1071,232.0,220.0,-3256846.0,5.0,12.0,61,219,0.0
1072,189.0,204.0,-10921174.0,-10.0,8.0,-7,231,1.0
1073,191.0,212.0,10722900.0,6.0,30.0,4,196,0.0
1074,209.0,208.0,12269004.0,3.0,21.0,3,253,1.0
1075,202.0,207.0,6075973.0,-9.0,7.0,-20,216,0.0
1076,210.0,199.0,-16015571.0,-3.0,11.0,15,195,0.0
1077,240.0,217.0,-14732807.0,-7.0,9.0,-13,223,1.0
1078,236.0,220.0,15843372.0,15.0,18.0,25,215,0.0
1079,204.0,198.0,40004434.0,12.0,26.0,12,200,0.0
1080,217.0,222.0,-11542960.0,4.0,17.0,5,213,0.0
1081,213.0,217.0,-18151714.0,-9.0,8.0,-4,212,0.0
1082,209.0,214.0,-15711763.0,3.0,18.0,6,204,0.0
1083,203.0,203.0,5669685.0,1.0,19.0,-5,205,0.0
1084,188.0,210.0,7018742.0,4.0,14.0,4,244,1.0
1085,235.0,234.0,28568747.0,15.0,24.0,4,228,1.0
1086,220.0,235.0,19162921.0,-7.0,20.0,-8,208,0.0
1087,216.0,209.0,-14936688.0,-6.0,8.0,-4,200,0.0
1088,206.0,204.0,20765085.0,6.0,11.0,22,212,0.0
1089,199.0,207.0,20486477.0,6.0,30.0,23,205,0.0
1090,222.0,215.0,20682982.0,-4.0,5.0,-7,193,0.0
1091,225.0,190.0,9201887.0,5.0,7.0,6,204,0.0
1092,210.0,220.0,-21784462.0,-4.0,18.0,12,228,1.0
1093,219.0,220.0,-1802327.0,-11.0,9.0,-7,235,1.0
1094,209.0,220.0,30765734.0,4.0,26.0,-19,201,0.0
1095,198.0,202.0,28583559.0,14.0,30.0,19,217,0.0
1096,205.0,205.0,-53233758.0,3.0,17.0,6,220,0.0
1097,225.0,214.0,-4429061.0,-7.0,16.0,3,209,0.0
1098,204.0,222.0,11691212.0,1.0,18.0,-3,213,0.0
1099,198.0,200.0,-35559765.0,-11.0,11.0,-11,197,0.0
1100,228.0,227.0,26558864.0,10.0,24.0,-11,223,1.0
1101,223.0,204.0,28632734.0,2.0,20.0,-4,198,0.0
1102,203.0,228.0,11620424.0,2.0,13.0,9,265,1.0
1103,200.0,217.0,22032581.0,4.0,11.0,6,218,0.0
1104,240.0,208.0,3274444.0,13.0,15.0,-8,194,0.0
1105,212.0,234.0,-13102561.0,-3.0,18.0,19,227,1.0
1106,214.0,199.0,-24669066.0,-15.0,10.0,-8,196,0.0
1107,202.0,193.0,40621338.0,2.0,26.0,-11,173,0.0
1108,208.0,210.0,31487985.0,15.0,30.0,32,204,0.0
1109,225.0,226.0,-902325.0,-3.0,19.0,7,203,0.0
1110,220.0,241.0,41898354.0,-3.0,17.0,19,177,0.0
1111,213.0,226.0,-17116797.0,-3.0,21.0,-4,210,0.0
1112,214.0,201.0,-14333097.0,-1.0,11.0,-6,200,0.0
1113,229.0,221.0,26381317.0,3.0,24.0,4,224,1.0
1114,209.0,199.0,14009082.0,-9.0,20.0,10,222,1.0
1115,216.0,229.0,2535714.0,-4.0,13.0,-13,223,1.0
1116,202.0,205.0,-2489448.0,4.0,14.0,10,196,0.0
1117,203.0,204.0,-8702819.0,-11.0,6.0,5,211,0.0
1118,217.0,201.0,19785504.0,12.0,15.0,12,240,1.0
1119,218.0,212.0,-4839158.0,1.0,7.0,-7,215,0.0
1120,225.0,233.0,-3632748.0,7.0,18.0,17,219,0.0
1121,219.0,209.0,-16050928.0,-12.0,10.0,-12,210,0.0
1122,189.0,201.0,-10305494.0,0.0,18.0,-3,191,0.0
1123,208.0,213.0,-12405865.0,2.0,11.0,11,195,0.0
1124,204.0,194.0,28176053.0,5.0,26.0,-9,223,1.0
1125,208.0,202.0,55521280.0,8.0,17.0,11,195,0.0
1126,190.0,190.0,-15398667.0,-13.0,11.0,-3,209,0.0
1127,211.0,221.0,-20647649.0,3.0,14.0,4,202,0.0
1128,225.0,229.0,1998958.0,-11.0,6.0,-10,192,0.0
1129,214.0,219.0,2621418.0,3.0,20.0,5,209,0.0
1130,219.0,208.0,-21467978.0,-14.0,9.0,-1,185,0.0
1131,201.0,211.0,33708431.0,22.0,30.0,1,207,0.0
1132,201.0,213.0,-16000303.0,-4.0,14.0,-2,246,1.0
1133,218.0,216.0,25801488.0,-1.0,18.0,-1,251,1.0
1134,214.0,192.0,6981441.0,0.0,7.0,-8,172,0.0
1135,206.0,215.0,14287823.0,4.0,21.0,9,201,0.0
1136,205.0,192.0,-7272360.0,9.0,18.0,10,204,0.0
1137,217.0,223.0,-17940726.0,-7.0,28.0,11,209,0.0
1138,202.0,217.0,43700681.0,10.0,17.0,-1,219,0.0
1139,200.0,209.0,-16226869.0,-6.0,9.0,-6,224,1.0
1140,201.0,193.0,-56020005.0,-15.0,11.0,-16,208,0.0
1141,207.0,211.0,17012310.0,0.0,20.0,14,200,0.0
1142,217.0,186.0,-4077015.0,0.0,6.0,6,182,0.0
1143,217.0,218.0,-8944486.0,-10.0,11.0,-12,204,0.0
1144,225.0,201.0,-33170950.0,-7.0,10.0,19,207,0.0
1145,211.0,226.0,15253172.0,-5.0,13.0,-17,221,1.0
1146,207.0,211.0,12400974.0,12.0,20.0,11,185,0.0
1147,224.0,239.0,-724778.0,4.0,14.0,3,253,1.0
1148,213.0,196.0,45129306.0,19.0,27.0,10,224,1.0
1149,201.0,207.0,11542960.0,-5.0,20.0,-7,215,0.0
1150,211.0,209.0,11843649.0,6.0,14.0,-1,167,0.0
1151,211.0,228.0,10546804.0,3.0,16.0,-24,218,0.0
1152,213.0,212.0,-28808009.0,-4.0,21.0,-5,213,0.0
1153,207.0,199.0,8702819.0,11.0,21.0,15,211,0.0
1154,209.0,221.0,-12326117.0,-2.0,14.0,17,183,0.0
1155,211.0,205.0,-16158640.0,-5.0,10.0,6,234,1.0
1156,206.0,212.0,-26766420.0,-4.0,20.0,6,218,0.0
1157,203.0,201.0,-26896353.0,-13.0,9.0,6,224,1.0
1158,216.0,230.0,11720507.0,2.0,14.0,3,211,0.0
1159,204.0,204.0,-1682965.0,10.0,30.0,16,224,1.0
1160,219.0,207.0,-5331386.0,-10.0,20.0,3,223,1.0
1161,219.0,212.0,52616854.0,8.0,17.0,3,199,0.0
1162,204.0,210.0,-7715813.0,-2.0,18.0,4,208,0.0
1163,209.0,194.0,-2443225.0,3.0,9.0,-24,170,0.0
1164,212.0,218.0,-3099343.0,-3.0,19.0,-4,218,0.0
1165,211.0,228.0,-10915131.0,12.0,20.0,26,216,0.0
1166,202.0,187.0,10890699.0,-4.0,10.0,3,191,0.0
1167,204.0,207.0,13410622.0,6.0,19.0,7,227,1.0
1168,207.0,199.0,-52616854.0,-9.0,6.0,-29,201,0.0
1169,195.0,219.0,19859617.0,-3.0,13.0,-7,223,1.0
1170,207.0,203.0,-20429364.0,-12.0,14.0,10,234,1.0
1171,218.0,202.0,-8413978.0,7.0,21.0,28,218,0.0
1172,198.0,182.0,5759489.0,0.0,8.0,5,205,0.0
1173,212.0,212.0,17940726.0,6.0,24.0,18,174,0.0
1174,214.0,208.0,-19548024.0,6.0,20.0,4,234,1.0
1175,213.0,214.0,-8681901.0,1.0,14.0,4,196,0.0
1176,209.0,220.0,3369680.0,6.0,30.0,2,190,0.0
1177,204.0,215.0,-40621338.0,-3.0,20.0,20,232,1.0
1178,220.0,211.0,2912208.0,10.0,18.0,-8,230,1.0
1179,205.0,211.0,-1687356.0,4.0,19.0,22,212,0.0
1180,196.0,199.0,22448620.0,8.0,28.0,7,215,0.0
1181,207.0,202.0,19543133.0,9.0,13.0,7,219,0.0
1182,205.0,206.0,-23957426.0,-8.0,14.0,-17,209,0.0
1183,195.0,194.0,32526631.0,2.0,6.0,-1,187,0.0
1184,199.0,198.0,-50983064.0,-7.0,9.0,24,220,0.0
1185,211.0,202.0,-9177199.0,-5.0,8.0,-37,237,1.0
1186,202.0,226.0,-12717458.0,-2.0,21.0,2,262,1.0
1187,209.0,195.0,-13221954.0,-13.0,10.0,-19,225,1.0
1188,197.0,208.0,38101824.0,5.0,24.0,19,165,0.0
1189,207.0,208.0,30266524.0,6.0,20.0,-6,200,0.0
1190,222.0,224.0,-11820599.0,3.0,10.0,-28,220,0.0
1191,210.0,216.0,31907352.0,6.0,28.0,-6,246,1.0
1192,201.0,211.0,-8321532.0,8.0,30.0,-6,210,0.0
1193,228.0,226.0,-177547.0,-8.0,20.0,-19,249,1.0
1194,221.0,226.0,-10194591.0,-5.0,9.0,-13,217,0.0
1195,193.0,203.0,-8956437.0,4.0,14.0,11,221,1.0
1196,204.0,210.0,19544194.0,10.0,28.0,-6,218,0.0
1197,213.0,198.0,13871118.0,-6.0,14.0,-6,240,1.0
1198,206.0,218.0,-13410622.0,-7.0,14.0,-15,209,0.0
1199,196.0,204.0,-1349599.0,-10.0,6.0,13,247,1.0
1200,221.0,225.0,-316484.0,13.0,21.0,12,206,0.0
1201,225.0,205.0,-45129306.0,-19.0,10.0,-17,217,0.0
1202,169.0,189.0,33407905.0,17.0,24.0,11,213,0.0
1203,213.0,200.0,11820599.0,-3.0,13.0,9,219,0.0
1204,212.0,209.0,-14110276.0,3.0,15.0,6,170,0.0
1205,216.0,215.0,-19624261.0,-9.0,13.0,-10,206,0.0
1206,233.0,229.0,2828974.0,-1.0,20.0,-13,213,0.0
1207,202.0,210.0,15711763.0,-1.0,18.0,-22,208,0.0
1208,211.0,204.0,7751366.0,8.0,19.0,16,188,0.0
1209,231.0,200.0,3274444.0,12.0,17.0,19,207,0.0
1210,225.0,222.0,-9084710.0,-10.0,9.0,-14,232,1.0
1211,190.0,202.0,32273013.0,19.0,14.0,13,183,0.0
1212,209.0,204.0,1998958.0,-13.0,8.0,-8,234,1.0
1213,214.0,207.0,3442398.0,5.0,9.0,-27,221,1.0
1214,210.0,237.0,-13871118.0,6.0,21.0,-26,212,0.0
1215,214.0,197.0,-32755481.0,-14.0,14.0,-6,204,0.0
1216,204.0,223.0,-30765734.0,-2.0,20.0,40,198,0.0
1217,198.0,190.0,10722330.0,-4.0,20.0,12,214,0.0
1218,211.0,224.0,10628021.0,11.0,28.0,13,207,0.0
1219,231.0,216.0,-20765085.0,-8.0,10.0,-32,206,0.0
1220,226.0,220.0,9084710.0,10.0,21.0,-12,208,0.0
1221,228.0,213.0,15097978.0,2.0,20.0,-15,215,0.0
1222,210.0,204.0,15131934.0,-9.0,18.0,7,225,1.0
1223,220.0,234.0,8681901.0,-2.0,17.0,6,218,0.0
1224,217.0,223.0,-8160360.0,-10.0,24.0,24,220,0.0
1225,226.0,204.0,20394031.0,10.0,21.0,14,260,1.0
1226,233.0,204.0,-26189509.0,-7.0,8.0,9,193,0.0
1227,216.0,233.0,-13827339.0,4.0,22.0,35,225,1.0
1228,195.0,222.0,15975179.0,-1.0,21.0,9,195,0.0
1229,208.0,198.0,-44599130.0,-21.0,13.0,13,179,0.0
1230,235.0,216.0,23746992.0,-4.0,29.0,21,205,0.0
1231,208.0,226.0,-54615812.0,4.0,22.0,27,233,1.0
1232,201.0,220.0,17116797.0,4.0,21.0,-2,192,0.0
1233,199.0,204.0,7218396.0,11.0,25.0,8,220,0.0
1234,221.0,213.0,7715813.0,2.0,28.0,6,220,0.0
1235,214.0,210.0,11335404.0,2.0,21.0,-18,178,0.0
1236,200.0,207.0,8798055.0,4.0,31.0,3,205,0.0
1237,216.0,226.0,27666391.0,-1.0,21.0,8,224,1.0
1238,219.0,209.0,23746992.0,-3.0,29.0,15,217,0.0
1239,219.0,228.0,-54615812.0,5.0,22.0,-10,216,0.0
1240,219.0,215.0,7715813.0,3.0,28.0,14,226,1.0
1241,195.0,204.0,17116797.0,4.0,21.0,-9,213,0.0
1242,209.0,211.0,7218396.0,12.0,25.0,11,249,1.0
1243,196.0,193.0,11335404.0,2.0,21.0,3,197,0.0
1244,202.0,205.0,8798055.0,5.0,31.0,20,184,0.0
1245,219.0,224.0,27666391.0,0.0,21.0,-7,197,0.0
1246,214.0,222.0,54615812.0,-5.0,19.0,-20,236,1.0
1247,197.0,210.0,-17116797.0,-4.0,26.0,17,221,1.0
1248,202.0,197.0,-23746992.0,2.0,14.0,-13,207,0.0
1249,224.0,224.0,-11335404.0,-3.0,22.0,2,182,0.0
1250,204.0,199.0,-7715813.0,-4.0,19.0,24,208,0.0
1251,210.0,213.0,-7218396.0,-13.0,20.0,19,225,1.0
1252,224.0,229.0,54615812.0,-5.0,19.0,-4,208,0.0
1253,203.0,201.0,-8798055.0,-6.0,17.0,16,226,1.0
1254,208.0,215.0,-17116797.0,-3.0,26.0,8,254,1.0
1255,185.0,225.0,-27666391.0,0.0,21.0,13,217,0.0
1256,202.0,203.0,-11335404.0,-2.0,22.0,-4,204,0.0
1257,205.0,203.0,-7715813.0,-3.0,19.0,2,206,0.0
1258,204.0,201.0,-23746992.0,2.0,14.0,13,193,0.0
1259,217.0,218.0,-7218396.0,-12.0,20.0,8,204,0.0
1260,213.0,212.0,-8798055.0,-5.0,17.0,-19,219,0.0
1261,200.0,220.0,-27666391.0,1.0,21.0,17,209,0.0
1262,222.0,220.0,7715813.0,2.0,28.0,5,179,0.0
1263,217.0,212.0,23746992.0,-3.0,30.0,8,190,0.0
1264,216.0,221.0,-54615812.0,5.0,24.0,13,195,0.0
1265,195.0,194.0,11335404.0,2.0,22.0,3,193,0.0
1266,192.0,194.0,8798055.0,5.0,32.0,18,226,1.0
1267,207.0,209.0,27666391.0,-2.0,21.0,8,206,0.0
1268,228.0,229.0,7218396.0,11.0,25.0,10,206,0.0
1269,205.0,204.0,-7715813.0,-3.0,19.0,11,183,0.0
1270,203.0,203.0,-11335404.0,-3.0,22.0,34,208,0.0
1271,203.0,214.0,-27666391.0,1.0,21.0,5,187,0.0
1272,210.0,211.0,-7218396.0,-12.0,20.0,-10,194,0.0
1273,200.0,198.0,7715813.0,2.0,28.0,16,208,0.0
1274,197.0,213.0,31907352.0,6.0,30.0,22,224,1.0
1275,193.0,193.0,11335404.0,2.0,22.0,4,206,0.0
1276,200.0,212.0,19344859.0,6.0,32.0,14,206,0.0
1277,199.0,221.0,21543152.0,-1.0,28.0,16,218,0.0
1278,209.0,217.0,31907352.0,7.0,30.0,5,237,1.0
1279,213.0,208.0,26766420.0,5.0,26.0,-1,225,1.0
1280,202.0,209.0,19344859.0,7.0,32.0,-8,224,1.0
1281,207.0,218.0,21543152.0,0.0,28.0,5,211,0.0
1282,218.0,215.0,26766420.0,5.0,26.0,-18,238,1.0
1283,214.0,220.0,-31907352.0,-8.0,26.0,19,219,0.0
1284,196.0,211.0,-19344859.0,-7.0,22.0,-21,205,0.0
1285,199.0,201.0,-26766420.0,-5.0,24.0,2,208,0.0
1286,199.0,200.0,-21543152.0,-1.0,24.0,-3,199,0.0
1287,215.0,219.0,-31907352.0,-7.0,26.0,-26,210,0.0
1288,200.0,207.0,-19344859.0,-7.0,22.0,-13,187,0.0
1289,202.0,203.0,-26766420.0,-4.0,24.0,35,221,1.0
1290,198.0,198.0,-21543152.0,-1.0,24.0,11,195,0.0
1291,222.0,226.0,31907352.0,7.0,31.0,9,217,0.0
1292,213.0,216.0,19344859.0,7.0,34.0,10,214,0.0
1293,208.0,213.0,21543152.0,0.0,29.0,2,226,1.0
1294,215.0,226.0,8825694.0,0.0,29.0,25,191,0.0
1295,205.0,218.0,-11420875.0,4.0,34.0,-13,225,1.0
1296,202.0,207.0,8825694.0,1.0,29.0,13,201,0.0
1297,214.0,221.0,-11420875.0,4.0,34.0,22,232,1.0
1298,196.0,208.0,-8825694.0,-2.0,24.0,30,202,0.0
1299,197.0,218.0,11420875.0,-5.0,32.0,41,211,0.0
1300,199.0,204.0,-8825694.0,-1.0,24.0,9,213,0.0
1301,203.0,214.0,11420875.0,-4.0,32.0,-3,187,0.0
1302,200.0,203.0,8825694.0,0.0,29.0,13,179,0.0
1303,221.0,225.0,-11420875.0,4.0,35.0,4,192,0.0
1304,205.0,207.0,-8825694.0,-1.0,24.0,10,208,0.0
1305,194.0,200.0,11420875.0,-5.0,32.0,29,201,0.0
1306,188.0,190.0,8825694.0,0.0,29.0,-8,166,0.0
1307,206.0,208.0,-11420875.0,4.0,35.0,-9,193,0.0
1308,179.0,197.0,29285934.0,0.0,33.0,10,238,1.0
1309,208.0,217.0,29285934.0,1.0,33.0,19,225,1.0
1310,196.0,210.0,-29285934.0,-2.0,25.0,-8,212,0.0
1311,203.0,211.0,-29285934.0,-2.0,25.0,-23,193,0.0
